"Year","TeamA","TeamB","O_ORebDiff","O_DRebDiff","O_AsstDiff","O_PFDiff","O_STLDiff","O_TODiff","O_BlkDiff","O_x3PMDiff","O_FGPDiff","O_FTPDiff","WL"
1979,"PHO","KCK",-0.852744060575925,0.220117715507773,0.725227540132979,-1.62463602850771,0.502332394485896,1.21933137820011,-0.141657150107175,0.23912139744272,0.635919883783659,1.07268151971563,"W"
1979,"SEA","POR",0.62485556162886,1.0778177793828,0.657237458245545,-0.524261980830514,0.468843568186809,-0.359381879890565,-0.519409550392953,0.183511770130459,-0.240264862865427,0.886943334302316,"W"
1979,"HOU","SAS",1.77164929826545,-2.26189928349345,-0.802282966272135,-1.01395723765019,0.122792363096553,-0.154020805667398,0.472190500357228,0.289170062023754,-0.764676596770865,-1.22397738834221,"W"
1979,"PHI","WA1",-1.08063255952287,-0.667943412575238,0.113316803145785,-0.190116982059393,2.92469083011777,2.10495101078757,2.46719536436652,-0.255804285636397,1.42343458285829,0.492501477229958,"W"
1979,"LAL","PHO",0.102917386621245,1.48010188013833,0.589247376358076,-0.397517326124252,-1.49583424135793,0.0641753356947443,2.384562026804,-0.26692621109885,1.49638013965539,0.0859356685954523,"W"
1979,"MIL","SEA",-0.992417656704695,-1.16890097200668,1.06064527744447,0.414800688129627,0.312562378791214,0,0.967990525732318,-0.0500486645810341,0.760190884753546,-0.152738318767288,"L"
1979,"BOS","HOU",-1.22765739755327,1.8216638524779,0.222100934165743,0.270772671417944,0.301399436691518,-0.166855872806329,-0.767309563080497,0.322535838411109,0.400097170474204,0.445568326509314,"W"
1979,"ATL","PHI",1.33792602607596,-1.73817092590606,-1.41872637538515,2.49456524944621,-0.111629420996856,-1.36693465029799,-1.33393816350917,-0.0778534782371645,-1.1869816657556,-0.0421516517776384,"L"
1979,"LAL","SEA",-2.16861636094731,0.781797403355115,1.67708868655753,-0.466650774145841,0.267910610392468,0.917707300434829,1.39296197605382,-0.216877546517815,2.48975215879137,0.264918332263729,"W"
1979,"BOS","PHI",0.294049676060609,-1.3510673572545,-0.126914819523256,0.656767756205233,0.189770015694662,-1.08456317324116,-4.06083830307216,0.750729968715515,-0.112204811016167,0.247779117475382,"L"
1979,"LAL","PHI",-0.74982667395468,0.136624788935877,0.847609687530447,-0.437845170803505,-0.20093295779435,-0.442809816293703,-1.25130482594666,-0.0389267391185824,1.54346741195647,0.128946177323099,"W"
1980,"POR","KCK",1.51435583171243,-0.470596495223463,-0.122382147397432,-0.334144998771076,0.55814710498431,0.449227349863166,1.12145243834842,-0.133463105549425,-0.127219370737773,0.12490530959433,"L"
1980,"LAL","HOU",-0.37491333697734,1.09299831148676,1.19662544121941,0.311100516097195,1.14978303626767,0.68025855836429,1.90056676393784,-0.0222438509249043,1.0480086725341,-1.44912638347576,"L"
1980,"NYK","CHI",-0.661611771136443,-2.04937183403771,0.231166278417391,-0.812318014253879,1.47350835715857,-1.35409958315907,-2.36095250178614,0.100097329162069,-0.74301090552486,-0.964945720430863,"L"
1980,"PHI","IND",-1.72019060495486,2.66418338424903,1.26008285098106,0.316861636765701,0.267910610392406,1.35409958315907,1.26310958845559,-0.061170590043486,1.35385165150529,1.91063198434881,"W"
1980,"PHO","KCK",1.44819465459877,0.303610642079672,-0.299156360304862,-0.553067584172852,1.75258190965073,1.82899706730014,0.365947637776857,-0.0778534782371645,-0.415364917260889,1.07962602952813,"L"
1980,"SAS","HOU",0.646909287333434,1.783712522218,-0.231166278417391,1.22711870238346,-0.223258841993723,0.526237752696892,2.98660491475947,-0.0333657763873563,0.154432543243048,-0.0200445781949036,"L"
1980,"BOS","CHI",-0.529289416909179,-0.387103568651568,1.25555017885523,-0.391756205455795,-0.513495336585555,-0.609665689100029,0.944381000714455,0.150145993743103,0.15297903053141,-0.804699945478952,"W"
1980,"MIL","PHI",1.24971112325778,-1.59395587091821,-0.226633606291568,0.78927353158,0.0558147104984319,-0.776521561906411,-0.720090513044772,0.061170590043486,-0.669875779309016,0.0584157465719289,"L"
1980,"KCK","HOU",-1.31587230037144,0.781797403355112,0.779619605642941,1.1003740476772,0.156281189395604,-0.0192526007083923,-0.0590238125446566,0.155706956474329,0.520814862933354,-1.96006902199052,"L"
1980,"BOS","PHI",0.470479481697021,-1.47251161408635,-0.756956245013784,-0.409039567461169,-1.94235192534537,-0.802191696184266,0.0354142875267935,0.255804285636398,-0.404681690364938,-0.590318269366561,"W"
1980,"HOU","BOS",0.448425755992507,-0.584450486003339,-0.466865228960607,-0.51273973949355,0.245584726193096,-0.808609229753783,-2.40817155182186,-0.244682360173945,-0.727841892461575,0.634375113443974,"L"
1981,"DEN","PHO",0.191132289439422,-0.561679687847342,0.222100934165706,0.587634308183644,-0.99350184687206,-0.372216947029492,-0.720090513044772,-0.0778534782371649,1.19917675796721,1.35392290686592,"L"
1981,"SEA","HOU",-2.20537257045495,1.97346917351773,0.571116687854706,1.07156844433486,0.480006510286505,0.192526007084237,0.365947637776857,-0.0667315527747128,0.529405080551268,0.377316286047184,"W"
1981,"NJN","WA1",1.08063255952293,-1.99623997167373,0.51219195021892,1.28472990906818,3.06980907741367,1.66855872806333,0.99160005075018,-0.161267919205555,0.424544498878712,-1.57202414457814,"L"
1981,"PHI","ATL",-0.764529157757689,0.159395587091815,2.03516978449821,-0.48969525681972,2.76840964072216,0.840696897601157,1.61725246372351,0.0722925155059388,1.88115623414217,-0.739247350370248,"W"
1981,"LAL","PHO",0.992417656704695,-0.0910831926238767,0.602845392735548,-0.172833620054019,1.06047949947014,-0.385052014168472,1.03881910078591,-0.227999471980268,1.06571394050492,-1.46119947635515,"W"
1981,"SAS","SEA",1.10268628522745,-0.0531318623639162,0.698031507377998,0.921779306954766,-1.01582773107143,-0.372216947029545,1.12145243834841,0.144585031011877,-0.107134513819473,1.29061476740341,"W"
1981,"BOS","WA1",1.51435583171237,-0.713485008887176,0.648172113993861,-0.334144998771074,0.10046647889717,0.397887081307402,2.01861438902714,-0.0556096273122604,1.0213813611075,-1.16779857341623,"W"
1981,"MIL","PHI",0.99976889860626,0.197346917351773,-0.140512835900764,0.564589825509765,-1.03815361527081,0.738016360489519,-1.97139533899143,0.0444877018498082,-0.55864039251236,0.199236194054711,"L"
1981,"LAL","SAS",0.036756209507584,-0.242888513663711,0.448734540457312,-1.25592430572584,2.76840964072212,1.12306837465799,-0.448580975339365,-0.283609099292528,1.29970945202182,-2.10030249929136,"W"
1981,"BOS","PHI",1.63197570213662,0.759026605199177,-0.625508753364704,-0.973629392970936,-2.27724018833597,-0.141185738528472,-0.637457175482264,0.0444877018498082,-0.834581165669937,-0.267638131166908,"L"
1981,"LAL","PHI",1.66873191164421,0.880470862031033,0.41700583557647,-1.06004620299795,-0.0893035367975281,-0.0385052014168893,-1.23950006343772,-0.155706956474329,-0.0764633571803901,-1.07350630454416,"W"
1982,"SEA","POR",-0.205834773242432,1.43456028382639,1.12410268720612,0.0518500860162152,-0.803731831177407,0.243866275640001,0.625652412973333,-0.033365776387356,0.367910047621767,-0.286470333814213,"L"
1982,"PHO","DEN",-0.882149028182005,-0.0455415963119383,-0.16317619652992,-0.167072499385561,-0.446517683987436,0.314459144904211,1.68808103877709,0.0889754036996164,0.113893791477055,-2.32055421299281,"L"
1982,"NJN","NYK",1.36733099368203,1.2448036325266,0.494061261715588,-0.0806556893585058,2.34421784093411,2.33598221928864,2.52621917691117,-0.0166828881936782,0.417035718891689,-0.192614854307806,"L"
1982,"BOS","ATL",0.985066414803191,0.751436339147134,1.22835414610021,0.230444826738644,2.4111954935322,0.750851427628501,-1.69988580128602,-0.0333657763873563,0.951576232426966,-0.514456529263652,"W"
1982,"LAL","POR",0.404318304583419,0.402284100755588,2.21647666953146,-0.167072499385514,1.06047949947021,0.571160487683192,1.12145243834842,-0.139024068280651,1.77109083875404,-0.0838718007298211,"W"
1982,"SAS","DEN",0.132322354227265,0.569269953899383,-0.339950409437351,0.0230444826738792,-1.27257539936422,0.0513402685557645,1.38115721354489,0.389267391185821,0.409362713355414,-1.54803108607277,"W"
1982,"PHI","NYK",1.86721544298513,2.52755859531316,-0.081588098264978,-0.800795772916917,1.23908657306516,0.757268961197964,2.34914773927721,-0.044487701849808,0.735198322137968,1.11878994020794,"W"
1982,"MIL","BOS",-1.30852105846988,-0.417464632859546,-0.453267212583098,0.397517326124252,-1.41769364666013,-0.603248155530619,0.129852387598233,-0.0111219254624519,-0.126238535607599,0.572386039031956,"W"
1982,"LAL","SAS",0.0220537257045742,-1.25998416463056,1.16942940846447,-0.944823789628598,1.88653721484699,0.513402685557965,0.118047625089312,-0.467120869422985,1.00896089591199,-1.01065712261332,"W"
1982,"PHI","MIL",1.75694681446238,0.903241660187033,-0.453267212583134,-0.518500860162056,1.67444131495291,1.15515604250537,0.531214312901883,-0.0667315527747123,0.439277660429547,-0.391878697775623,"W"
1982,"LAL","PHI",-0.727772948250104,-1.23721336647462,2.27993407929311,-0.633723273531354,0.357214147189989,-0.275953943487374,-1.15686672587521,-0.0834144409683908,1.19849578781287,-0.205570746984196,"L"
1983,"BOS","WA1",0.97036393100018,1.14613017385068,-0.317287048808196,-0.230444826738693,1.30606422566327,-0.179690939945309,1.29852387598238,-0.0889754036996167,0.657475801370111,1.28575058356447,"W"
1983,"DET","NYK",2.49207100461406,1.54841427460627,0.974524507053704,-0.59915654952056,-1.18327186256673,-1.77765679874438,0.672871463009057,-0.0834144409683908,-0.634304694391952,0.0187069548976917,"L"
1983,"PHI","NJN",-0.294049676060669,0.523728357587445,-0.52578996659643,-1.16950749569883,-0.0781405946977971,0.128350671389491,1.81793342637532,-0.111219254624521,-0.113023041933979,1.91834847580029,"L"
1983,"MIL","ATL",0.169078563734848,1.16131070595464,1.29634422798772,0.437845170803505,0.178607073594986,0.551907886974802,-0.814528613116222,0.200194658324137,0.757389264469251,-0.743025767748241,"W"
1983,"LAL","KCK",-0.360210853174271,1.71540012775006,1.02438390043784,-0.841123617596168,0.122792363096551,0.474897484141128,1.12145243834842,0.033365776387356,1.90270034842868,-0.83818598817057,"W"
1983,"DAL","SEA",0.191132289439423,-0.508547825483423,-0.312754376682371,0.126744654706261,-0.636287699682108,-0.365799413460029,0.118047625089302,0.0834144409683908,0.486421851210714,-0.878901442184987,"W"
1983,"POR","PHO",1.35997975178053,-0.789387669407093,-0.598312720609723,-0.0748945686900944,1.35071599406202,0.205361074223164,0.106242862580381,-0.272487173830076,-0.170753561898792,-0.183979481875764,"L"
1983,"UTA","DEN",-0.271995950356093,0.592040752055322,-1.14223337570945,-1.7340973212086,-0.178607073594977,1.06531057253276,2.97480015225054,0.133463105549425,0.210372029984914,-1.30604153980814,"W"
1983,"BOS","NYK",0.521938175007674,2.33780194401336,0.367146442192331,-1.91269206193108,-1.4511824729592,-1.07172810610223,0.826333375625153,0.044487701849808,0.19103928479594,0.630258891207601,"W"
1983,"MIL","NJN",-0.632206803530424,0.546499155743383,-0.158643524404098,-0.437845170803504,-1.92002604114601,-1.23858397890856,-0.118047625089311,0.0556096273122604,-0.232687300439246,1.42862669565254,"W"
1983,"LAL","DAL",0.0367562095075829,1.77612225616602,1.31900758861688,0.852645858933132,1.64095248865386,1.76482173160545,1.39296197605383,0.0889754036996164,1.32439743649783,-0.0486774109558288,"W"
1983,"UTA","PHO",0.220537257045502,1.70021959564611,0.0725227540132949,-0.973629392970934,0.0223258841993731,0.378634480599007,2.54982870192904,0.150145993743103,-0.476987890457526,0.778304734712946,"L"
1983,"BOS","MIL",0.176429805636412,1.1613107059547,0.0407940491324896,-1.25592430572584,0.346051205090265,0.0320876678473722,-0.696480988026911,-0.0222438509249043,0.310820476668389,1.83825428055732,"W"
1983,"LAL","PHO",0.213186015143996,1.52564347645033,1.09237398232531,-0.535784222167429,0.368377089289647,0.815026763323246,1.06242862580377,-0.0889754036996164,0.937350778795563,-0.196955465615101,"W"
1983,"BOS","LAL",0.470479481697021,0.296020376027628,-1.50937981790178,-0.604917670189067,-0.59163593128337,-1.01397030397695,-0.566628600428678,-0.0166828881936785,-1.33601362267684,1.37437652195069,"W"
1984,"LAL","PHO",0.271995950356094,0.94878325649897,1.08784131019945,-0.593395428852101,-0.357214147189952,-0.295206544195818,1.55822865117886,0.0166828881936788,2.26502105209709,-0.286187337083895,"W"
1984,"DAL","POR",-0.786582883462264,0.35674250444365,-0.330885065185666,-0.927540427623224,-2.74608375652277,-1.90600747013387,-2.13666201411646,0.561657235853832,-0.58144613278932,1.51808577303538,"L"
1984,"HOU","UTA",1.79370302397003,-1.20685230226664,0.435136524079802,0.414800688129627,-0.323725320890893,0.192526007084237,-1.18047625089307,-0.344779689336014,1.15372612391795,-2.56498305412741,"L"
1984,"DEN","SAS",1.49965334790936,-1.2675744306826,-0.226633606291567,-0.161311378717057,1.52932306765696,-1.02680537111587,-0.224290487669683,0.100097329162069,-1.15603845892178,0.791203989806945,"W"
1984,"BOS","CLE",-0.63955804543193,1.40419921961841,0.865740376033744,-2.25835930203907,0.256747668292783,-0.3529643463211,-0.68467622551798,0.0778534782371678,1.54534472757365,2.0124990785469,"W"
1984,"DET","NJN",1.24971112325778,1.58636560486617,0.630041425490529,0.374472843450374,-0.904198310074576,-0.0898454699726014,-0.212485725160751,-0.0389267391185826,-0.40612318320418,2.09745340997211,"W"
1984,"PHI","WA1",2.12450890953828,-0.235298247611731,-0.403407819198961,0.587634308183645,1.2055977467661,1.88033733585596,1.66447151375923,-0.278048136561303,0.577909819482064,2.13660367554474,"W"
1984,"MIL","CHI",1.33792602607596,-0.0986734586759164,0.77961960564294,0.967868272302476,0.747917120678965,-0.519820219127375,0.212485725160752,0.333657763873563,-0.361518927287464,-0.952777547574166,"W"
1984,"LAL","POR",-1.02182262431083,1.9127470451019,1.5864352440409,-0.14978913738014,-1.40653070456044,0.359381879890565,-0.413166687812572,0.216877546517817,1.76301526924331,0.421648140413353,"W"
1984,"DEN","UTA",1.83781047537912,-1.90515677904986,0.557518671477234,1.1003740476772,2.03165546214284,-1.2385839789085,-3.22270016493809,-0.166828881936781,0.405508527528233,0.477992370378936,"W"
1984,"BOS","DET",-2.10980642573521,0.728665540991196,-0.0679900818874704,-1.69953059719776,-0.513495336585555,-0.0577578021252816,0.20068096265182,0.361462577529694,1.17350821657174,0.638445657325324,"W"
1984,"MIL","PHI",-0.330805885568253,-0.0834929265718964,0.747890900762136,1.54398033914916,-1.42885658875983,-1.2385839789085,-0.566628600428677,0.166828881936783,-0.0521149258463465,-1.6296909919112,"L"
1984,"LAL","DEN",-1.97013282960644,1.87479571484194,1.40059568688182,-1.27320766773121,-2.2214254778375,0.994717703268503,0.672871463009058,0.0945363664308446,2.47275805374793,-0.798064318300191,"W"
1984,"BOS","PHI",-1.35997975178053,2.01901076982973,1.30540957223937,-1.09461292700874,-1.92002604114601,-1.55946065738223,-1.41657150107168,0.28360909929253,0.654125976849121,0.103278694407581,"W"
1984,"LAL","BOS",-0.38961582078041,-0.60722128415928,1.30540957223937,0.864168100270047,0.558147104984302,1.31559438174223,0.79091908809836,-0.111219254624521,1.54708733388484,-1.54978164870372,"W"
1985,"LAL","SAS",0.23523974084851,1.07781777938281,0.784152277768802,-0.483934136151263,-1.19443480466642,-1.00755277040748,0.342338112758994,0.511608571272794,0.669664971707407,1.13772737342137,"W"
1985,"DAL","UTA",-0.0661611771136026,-0.189756651299795,-0.412473163450645,-1.75714180388248,-1.25024951516485,-1.46961518740958,-3.50601446515241,0.589462049509959,0.548218462356171,2.10057089973653,"W"
1985,"DEN","POR",0.514586933106169,0.0075902660519801,-0.181306885033218,-0.23620594740715,-0.368377089289693,-1.2385839789085,0.767309563080487,-0.0166828881936782,-1.04701959007012,1.17585032194438,"W"
1985,"HOU","SAC",1.33057478417451,0.432645164963507,0.063457409761609,-0.823840255590794,1.59630072025512,-1.02038783754641,1.9241762889557,0.305852950217433,-1.36570037532202e-05,-1.69971644750262,"W"
1985,"BOS","CHI",-1.6613806697427,3.60537637469596,1.7269480799417,-2.3620594740715,0.357214147189962,-0.487732551280055,1.31032863849131,0.278048136561299,1.15580650362102,0.884232875617445,"W"
1985,"ATL","DET",-0.198483531340927,-0.425054898911527,-1.33260560499435,0.397517326124205,-0.0223258841993731,0.898454699726386,1.10964767583949,-0.122341180086973,0.252542403073735,-1.7992149039173,"W"
1985,"PHI","WA1",1.91132289439428,-0.409874366807569,1.2192888018486,0.0115222413369622,2.63445433552591,1.59796585879907,-2.66787632701834,-0.361462577529691,0.986468079699251,0.446888165427319,"W"
1985,"MIL","NJN",0.0441074514090883,-0.478186761275443,0.135980163774941,0.466650774145841,0.625124757582421,-1.32201191531169,1.35754768852704,0.455998943960535,0.279528710738019,0.296694167902855,"W"
1985,"LAL","DAL",0.308752159863677,0.766616871251157,1.47311844089515,1.71681395920318,0.982338904772383,1.14232097536639,0.590238125446539,-0.0166828881936788,0.906762081541524,0.0845012685374505,"W"
1985,"HOU","DEN",0.683665496841018,0.888061128083011,0.806815638397921,-0.996673875644813,-0.904198310074558,0.243866275640001,1.53461912616099,0.0778534782371654,0.803982088534217,-2.43881930348992,"W"
1985,"BOS","ATL",-1.4334921707957,2.64141258609303,1.6408273095509,-2.38510395674533,-1.06047949947018,-0.789356629045338,0.908966713187661,0.583901086778733,0.759845716540702,2.20461284400754,"W"
1985,"MIL","PHI",-1.00712014050776,0.31879117418363,0.639106769742176,2.37358171540841,-0.636287699682089,-1.45036258670118,-0.354142875267916,0.411511242110727,0.249233176897286,0.205140691820815,"W"
1985,"LAL","HOU",-1.58051700882603,0.918422192290992,0.521257294470606,0.230444826738691,-0.580472989183685,0.596830621961101,-1.55822865117885,0.294731024754978,1.34899876270987,1.71491859899355,"L"
1985,"BOS","MIL",-0.992417656704695,2.52755859531316,1.03798191681535,-2.61554878348402,-1.83072250434853,-0.0577578021252816,0.602042887955461,0.0722925155059368,0.666728808062955,1.07278885536724,"W"
1985,"HOU","BOS",1.92602537819729,-2.42129487058526,-0.312754376682371,1.35386335708972,1.16094597836736,0.0898454699726538,0.472190500357228,-0.294731024754978,-0.775374831457988,-2.28319212169475,"L"
1986,"LAL","DEN",-1.22765739755321,1.11576910964276,0.503126605967273,-1.90693094126257,-0.290236494591834,0.911289766865365,0.720090513044773,0.322535838411109,1.90500157337886,0.707152529450847,"W"
1986,"UTA","GSW",0.00735124190150538,0.796977935459073,0.711629523755506,-0.564589825509767,1.33955305196234,0.314459144904263,3.62406209024173,0.127902142818199,-0.642386030025034,-1.90255944644506,"L"
1986,"POR","HOU",-0.0735124190151668,-0.516138091535403,0.598312720609685,0.627962152862897,1.26141245726454,1.03964043825486,-1.98320010150036,0.0500486645810317,1.10837911871147,1.18920628118801,"L"
1986,"DAL","SEA",-1.13209125283352,0.751436339147196,-0.756956245013784,-2.02215335463196,-0.189770015694672,-1.95093020512017,-0.306923825232201,0.222438509249041,0.220069935467154,1.16670588805944,"L"
1986,"BOS","CHI",-2.3156411989777,1.40419921961841,1.26008285098106,-1.221357581715,-1.29490128356359,0.275953943487427,1.0388191007859,0.717364192328159,1.86035723153145,1.06408339840098,"W"
1986,"MIL","PHI",-0.433723272189498,-0.0379513302599581,0.457799884708958,2.33901499139762,0.859546541675849,-1.66214119449381,-1.73530008881281,0.539413384928924,-0.684389463527981,0.462140842826849,"W"
1986,"DET","WA1",-0.441074514091002,2.53514886136514,1.22835414610025,1.74561956254551,-1.25024951516484,0.744433894058984,-2.93938586472375,-0.0222438509249043,1.51312194159075,0.0234319183616795,"W"
1986,"ATL","IND",1.60257073453055,0.106263724727897,-0.421538507702293,0.316861636765701,0.0334888262990605,0.0192526007084446,2.36095250178614,0.227999471980268,0.396046756897911,-0.809682337674844,"W"
1986,"LAL","GSW",-0.485181965500091,1.2448036325266,1.56377188341178,-1.64191939051308,0.145118247295924,0.0256701342779075,1.90056676393784,0.266926211098851,1.56026515495571,0.323825184444765,"W"
1986,"HOU","SEA",-1.34527726797752,0.65276288047128,0.194904901410764,-1.44604128778523,-0.569310047083997,-0.802191696184268,1.23950006343773,-0.567218198585056,-0.213295886766783,-0.57741437487083,"L"
1986,"BOS","MIL",-1.36733099368204,1.99623997167373,1.70881739143833,-2.70772671417949,-3.17027555631087,0.256701342778981,1.57003341368778,0.122341180086973,1.77397073422261,1.48930254403363,"W"
1986,"ATL","DET",0.771880399659194,-1.29793549489052,0.253829639046548,0.426322929466589,0.636287699682108,-0.885619632587404,0.885357188169799,0.533852422197698,-0.364772828129583,-0.228521707922273,"L"
1986,"LAL","SEA",-1.80840550777304,0.910831926239011,1.10597199870282,-2.13737576800126,0.256747668292782,-0.969047568990595,0.377752400285779,-0.150145993743104,1.42877187287882,1.11144075033008,"W"
1986,"BOS","DET",-2.29358747327313,-0.485777027327487,1.81306885033247,-2.12009240599584,-0.915361252174263,-0.750851427628449,1.06242862580376,0.934241738845975,1.14476256921732,1.52484658090422,"W"
1986,"LAL","BOS",1.42614092889419,-0.531318623639361,0.0317287048808423,0.823840255590794,1.86421133064759,0.372216947029492,-0.519409550392952,-0.23912139744272,-0.0306702380504857,-0.679361741696739,"W"
1987,"LAL","SAS",-0.815987851068342,1.18408150411064,0.0135980163775089,-1.59006930449687,-0.747917120678974,-0.641753356947455,-0.755504800571566,0.0500486645810319,0.628263144873905,1.96106367074795,"W"
1987,"POR","UTA",1.35997975178053,-0.470596495223465,-0.453267212583135,0.604917670189018,-0.50233239448587,-0.834279364031638,-3.30533350250059,-0.0667315527747151,-0.021308498443342,0.71397212597231,"L"
1987,"DAL","HOU",0.74982667395468,-0.265659311819712,0.217568262039883,-0.754706807569205,-0.747917120678964,-0.705928692642201,-0.661066700500126,0.472681832154211,0.144928257113933,0.324257629557525,"W"
1987,"DEN","SEA",-1.10268628522745,0.971554054654846,0.698031507377999,-2.29292602604986,0.636287699682081,-1.21933137820011,-0.543019075410815,-0.161267919205552,-0.108982522717332,2.0050482342708,"W"
1987,"BOS","NYK",-2.61704211693988,1.8672054487899,1.97624504686239,-3.20894421233617,-1.88653721484695,-1.37335218386751,-0.354142875267916,0.511608571272797,2.36160781296223,1.55055387473208,"W"
1987,"ATL","MIL",0.815987851068342,0.333971706287588,-0.598312720609723,0.351428360776495,-0.401865915588699,-0.320876678473728,1.85334771390213,-0.266926211098851,0.390889848773855,-0.271290931566543,"W"
1987,"CHI","CLE",1.13944249473503,1.29034522883854,0.358081097940647,0.0748945686900943,-0.234421784093409,-1.12948590822751,-0.602042887955461,-0.39482835391705,-0.039040775855589,0.532881773005997,"W"
1987,"DET","WA1",-0.352859611272827,1.40419921961841,0.616443409113018,0.201639223396355,-1.22792363096548,-0.231031208501072,-1.27491435096452,0.161267919205555,1.0440949749101,-0.572064914042711,"W"
1987,"LAL","UTA",0.0514586933105927,-0.470596495223465,-0.27196032754988,-1.56126370115458,-1.10513126786893,-1.04605797182432,-2.63246203949155,0.0722925155059368,0.58702892326155,1.38764946992919,"W"
1987,"DEN","DAL",-1.30852105846994,-0.402284100755588,1.43232439176266,1.42875792577986,2.08747017264127,-0.455644883432682,-0.531214312901883,0.211316583786593,-0.0446460486786197,0.547486406271882,"L"
1987,"BOS","ATL",-2.19067008665194,0.463006229171485,1.74961144057086,-1.4172356844429,-0.167444131495289,0.506985151988448,-1.44018102608955,1.03433906800804,1.53057179025661,1.25197471117579,"W"
1987,"DET","CHI",0.0808636609166712,0.174576119195773,-0.625508753364704,0.622201032194439,-1.38420482036108,0.545490353405338,-0.956185763223387,0.0111219254624522,0.152874104140458,-0.0629883407634165,"W"
1987,"LAL","DAL",-1.97013282960644,-0.0303610642079802,1.64535998167672,-0.109461292700842,0.30139943669152,0.391469547737938,-0.49580002537509,-0.0667315527747105,1.28612894955322,-0.00478599326814177,"W"
1987,"BOS","DET",-1.84516171728062,-0.318791174183628,1.98077771898825,-0.881451462275468,0.357214147189962,-0.282371477056892,0.247900012687545,1.18448506175115,1.17895944505556,1.62143654390685,"L"
1987,"LAL","DET",-0.793934125363768,0.0683123944679384,1.52297783427929,-1.39419120176902,0.937687136373637,-0.192526007084237,0.118047625089302,0.467120869422987,0.507074960775725,1.12848716439757,"W"
1988,"LAL","POR",-2.13186015143978,1.75335145801002,0.317287048808157,-2.03943671663734,-1.1609459783674,-0.583995554822174,0.38955716279471,0.0611705900434889,1.16518019713383,2.17601091682496,"W"
1988,"SEA","HOU",1.3673309936821,-2.39852407242926,0.303689032430685,0.00576112066850543,0.837220657476502,-1.06531057253271,-0.082633337562518,0.71736419232816,0.102772702713747,-0.330881879003925,"W"
1988,"PHO","DEN",-0.815987851068282,0.804568201511115,-0.00906534425164884,-0.892973703612383,-1.31722716776296,0.346546812751637,-0.236095250178614,-0.333657763873562,1.22368976803028,0.131998210061749,"W"
1988,"UTA","GSW",-2.00688903911396,0.349152238391608,0.448734540457274,-0.299578274760282,-1.23908657306515,0.282371477056891,-0.708285750535842,-0.444877018498087,0.625801727221918,-1.03372092318529,"L"
1988,"DET","BOS",-0.183781047537918,0.789387669407157,-0.734292884384627,0.362950602113412,-1.30606422566328,0,-0.141657150107174,0.233560434711493,0.0311334450351295,-0.499413509494406,"W"
1988,"ATL","MIL",1.75694681446245,0.33397170628765,-0.367146442192333,-0.420561808798084,-0.0446517683987284,0.0320876678473722,1.78251913884854,-0.383706428454594,-0.0980979026349506,-0.725061404562046,"L"
1988,"CLE","CHI",0.110268628522751,0.166985853143795,0.213035589914059,-1.51517473580682,0.770243004878339,-0.0256701342779094,2.47900012687544,-0.0222438509249052,0.302315043845969,-1.39741791886902,"L"
1988,"NYK","PHI",1.31587230037144,-0.690714210731238,-0.122382147397469,1.91269206193108,2.35538078303381,2.2974770178718,1.08603815082162,1.01209521708314,0.0095081117743312,-1.2356265864529,"W"
1988,"LAL","SEA",-2.22742629615953,2.83875950344481,0.902001753040409,-2.04519783730584,-1.56281189395609,-0.378634480599009,-0.861747663151947,-0.367023540260919,1.05692376634867,1.97627502626708,"W"
1988,"PHO","GSW",-1.67608315354571,0.440235431015485,1.22835414610025,-0.0748945686900943,-1.54048600975667,-1.34126451602009,-2.67968108952727,-0.144585031011878,1.25870148423946,-0.28326869968757,"W"
1988,"DET","MIL",0.154376079931839,2.07973289824569,-0.19943757353655,-0.0806556893585511,-3.33771968780613,0.198943540653701,0.979795288241249,-0.328096801142336,0.809924480563476,-1.82681167126971,"W"
1988,"NYK","CHI",2.23477753806097,-1.42697001777441,-0.589247376358075,1.14070189235649,1.98700369374417,1.57229572452121,0.826333375625144,1.17892409901992,-0.35985796621536,-1.22085735678378,"L"
1988,"LAL","PHO",-0.00735124190156434,-0.0531318623639183,0.00906534425164884,-1.50365249446991,0.346051205090274,0.417139682015793,0.0590238125446463,0.328096801142336,0.176571203476877,0.395924904890417,"W"
1988,"DET","CHI",0.9997688986062,0.705894742835198,-0.843077015404586,0.483934136151214,-2.23258841993722,0.0577578021252816,0.354142875267916,-0.300291987486209,-0.0547325774316965,-0.606264771990862,"W"
1988,"LAL","DET",-0.441074514091002,0.500957559431443,1.15583139208692,-1.5382192184807,2.2549143041366,0.0513402685557645,0.177071437633958,0.595023012241187,0.345372144234949,1.15632676906631,"L"
1989,"DET","IND",1.80105426587153,0.531318623639423,-0.122382147397469,-0.0633723273531321,-0.446517683987445,-0.699511159072685,0.80272385060729,-0.65063263955345,-0.80628501902319,-1.97253605088501,"W"
1989,"BOS","NYK",-0.889500270083509,2.13286476060961,1.28274621161021,-0.63948439419986,-1.95351486744507,-1.00113523683802,-0.436776212830434,-0.722925155059382,0.590345592439731,2.70332032623076,"L"
1989,"CHI","MIL",-0.242590982750015,0.250478779715753,0.571116687854743,-1.03700172032407,-0.133955305196221,-0.436392282724291,0.731895275553703,0.227999471980268,1.05194674025444,0.725229192850066,"W"
1989,"PHI","CLE",-0.124971112325761,0.197346917351773,-0.788684949894626,0.178594740722478,0.468843568186817,-0.218196141362145,-1.73530008881281,-0.873071148802486,1.19288189588122,1.55385524192734,"W"
1989,"LAL","HOU",-0.882149028181945,-1.3510673572545,0.172241540781606,-1.13494077168799,-1.71909308335166,-1.84183213443912,-1.25130482594666,0.86751018607126,0.397432242058519,2.36173821327928,"W"
1989,"UTA","PHO",-0.735124190151611,-1.1385399077987,0.466865228960607,1.1867908577042,0.100466478897178,0.866367031879013,-0.118047625089311,0.278048136561304,0.363615675600135,-1.43606145268095,"L"
1989,"POR","DAL",2.30093871517463,1.00950538491487,1.40059568688182,1.81475301056715,0.948850078473324,0.821444296892711,-0.40136192530365,0.183511770130462,-0.0792526429756156,-0.868644619081935,"W"
1989,"SAS","DEN",-0.0441074514090883,-0.440235431015485,-1.07877596594784,-1.11189628901411,-0.167444131495289,1.68781132877172,2.65607156450941,-0.967607515233331,0.864670154994743,-1.5751929649398,"W"
1989,"DET","NYK",-0.0147024838030687,0.242888513663773,-0.652704786119722,0.766229048906121,-2.2549143041366,-1.1487385089359,-0.873552425660869,-0.328096801142336,-0.290171714953168,0.177917481018301,"W"
1989,"PHI","CHI",0.264644708454589,0.963963788602866,-1.08784131019949,-1.20407421970963,-1.41769364666013,-0.243866275640001,-0.271509537705407,-0.339218726604788,-0.377419237243565,0.337902849378641,"L"
1989,"LAL","PHO",0.323454643666747,-1.44974081593035,0.557518671477234,-0.506978618825094,-0.145118247295917,-0.314459144904263,-0.661066700500126,0.739608043253065,-0.275512600031685,-0.283485679308757,"L"
1989,"SAS","POR",-1.41143844509112,-0.592040752055322,-0.21756826203992,-1.11765740968262,0.558147104984302,0.275953943487374,2.24290487669684,-0.756290931446742,0.458323547412872,0.0675843130129077,"L"
1989,"DET","CHI",0.808636609166778,1.35865762330648,-0.79775029414631,0.316861636765701,-3.37120851410521,-0.0898454699726014,0.354142875267926,-0.405950279379503,-0.862207670554055,-0.616414305075516,"W"
1989,"POR","PHO",2.22007505425796,-0.751436339147132,-0.10878413101996,1.28472990906818,0.904198310074586,0.519820219127428,-1.61725246372351,0.0778534782371677,-0.971850196484568,-1.84608060039752,"W"
1989,"DET","POR",-1.24971112325778,-0.713485008887176,-0.403407819198998,-0.501217498156637,-2.64561727762562,-0.789356629045338,0.637457175482264,-0.0722925155059415,0.176764255596345,0.630934667494683,"W"
1990,"CHI","NYK",0.698367980644087,-0.713485008887176,0.181306885033255,-0.0748945686900473,2.05398134634221,-1.25141904604749,0.236095250178614,-0.166828881936783,1.04434476111161,-0.35729284351105,"W"
1990,"MIL","PHI",0.698367980644087,-2.53514886136514,1.13770070358362,2.3274927500607,2.41119549353216,0.583995554822174,-1.75890961383068,0.344779689336014,0.224237396864862,0.422397367731114,"L"
1990,"DET","ATL",-0.213186015143997,0.242888513663711,-0.17677421290743,0.581873187515188,-2.70143198812404,-0.320876678473728,-0.082633337562518,-0.778534782371644,0.038830363119131,-1.31145926327005,"W"
1990,"BOS","IND",0.514586933106109,2.43647540268922,-0.0951861146424883,-2.26412042270752,0.156281189395604,-0.224613674931557,2.45539060185758,-0.778534782371644,0.794986804894173,0.476156900867171,"W"
1990,"POR","SEA",-0.147024838030274,2.94502322817271,0.96092649067623,0.0115222413369169,-1.529323067657,-0.609665689100083,0.354142875267926,1.13999735990134,-0.267609388490991,0.106368154348244,"W"
1990,"PHO","UTA",1.94807910390187,0.94119299044693,-0.0362613770066651,0.311100516097242,0.39070297348902,-0.0192526007084446,0.99160005075018,-0.0556096273122626,0.195656172983057,-0.677063381096474,"L"
1990,"LAL","HOU",-1.44819465459877,-0.516138091535403,0.838544343278763,-2.0163922339635,-1.71909308335166,-1.27708918032539,-0.29511906272327,-0.500486645810345,0.702834977997409,2.02001841056767,"W"
1990,"SAS","GSW",0.132322354227325,2.66418338424897,0.843077015404623,-1.79170852789327,-1.48467129925826,0.551907886974802,2.27831916422362,-1.05102195620172,0.100937488188498,-0.613257494641243,"L"
1990,"CHI","PHI",1.20560367184869,-1.16890097200668,1.75867678482251,0.70285672155299,1.60746366235477,-0.295206544195819,-0.483995262866159,-0.222438509249041,1.46270882465722,-1.03615349086455,"W"
1990,"BOS","DET",-0.867446544378935,1.85961518273792,1.51844516215343,-1.00243499631327,2.06514428844194,0.892037166156973,2.33734297676828,-0.122341180086973,2.00092706495638,2.18776714460508,"L"
1990,"POR","UTA",2.46266603700804,0.66035314652326,0.167708868655745,1.03124059965561,0.803731831177406,0.0256701342778561,-0.483995262866159,1.07326580712662,-0.262675965551324,-1.27290607211227,"W"
1990,"LAL","GSW",-0.257293466553085,1.01709565096685,0.62097608123888,-3.93484541656304,-1.79723367804947,-1.00113523683797,0.0708285750535774,-0.244682360173946,-0.0719680745451196,0.54156293427686,"W"
1990,"CHI","DET",-0.426372030287933,-0.834929265719033,1.75414411269668,-0.679812238879113,3.73958560339482,0.0192526007084447,0.838138138134085,0.133463105549421,1.89822147393987,-0.0797183150594269,"W"
1990,"POR","LAL",0.911553995788083,0.918422192290992,0.738825556510487,2.59826542147864,0.915361252174262,0.680258558364239,0.306923825232201,0.639510714090992,0.0710272356934099,-1.59493631520558,"L"
1990,"CHI","LAL",0.514586933106169,-0.743846073095157,0.548453327225586,1.30777439174206,2.00932957794347,-0.121933137820028,0.637457175482265,-0.394828353917051,1.09393797204143,-1.34829950953985,"W"
1991,"CHI","MIA",-0.102917386621245,0.554089421795361,2.40231622669054,-0.725901204226869,0.0223258841993731,-1.8546672015781,1.26310958845559,-0.661754565015897,1.97948999803011,-1.60442566640666,"W"
1991,"NYK","DET",-0.183781047537918,0.516138091535465,1.047047261067,1.49213025313299,0.982338904772383,0.192526007084237,0.29511906272326,0.200194658324136,0.507047813281733,-0.331813831297998,"W"
1991,"CLE","NJN",-3.46243493561424,0.440235431015485,1.46405309664347,-1.60159154583383,-1.33955305196234,-2.04719320866234,0.0708285750535866,0.161267919205557,1.24592905893998,2.58970888445664,"W"
1991,"BOS","IND",0.0882149028182367,0.144215054987857,-1.47765111302098,-2.59826542147864,-0.770243004878346,-1.52095545596545,1.07423338831269,-1.24009468906341,-0.0748288363291065,0.632979663518971,"W"
1991,"POR","LAL",1.01447138240921,2.67936391635299,1.18756009696776,2.53489309412551,-0.0334888262990605,1.53379052310438,0.118047625089311,1.14555832263256,0.69685374954793,-0.397907389279876,"W"
1991,"PHO","SAS",-1.03652510811384,0.0455415963119383,0.870273048159604,0.305339395428738,-0.625124757582421,-0.42355721558531,-0.306923825232192,0.60614493770364,0.666830652490976,1.44906568966148,"W"
1991,"GSW","SEA",-1.06593007571986,0.903241660187034,0.847609687530447,0.558828704841309,0.88187242587524,0.192526007084237,-0.861747663151937,0.272487173830078,1.38743148825465,-1.31440716045844,"L"
1991,"UTA","LAC",-0.257293466553085,1.1385399077987,0.611910736987195,-0.731662324895279,-1.21676068886581,-0.0320876678473722,-0.590238125446539,0.0722925155059368,0.803780289982251,2.38874855675576,"W"
1991,"CHI","NYK",-0.0882149028181767,-0.379513302599588,0.675368146748841,-1.22135758171505,0.424191799788073,-0.988300169699039,1.15686672587522,-0.350340652067241,1.32277428380813,0.384560718336752,"W"
1991,"BOS","CLE",0.396967062681914,1.00950538491487,-0.852142359656272,0.7489456869007,0.223258841993723,0.590413088391638,-1.61725246372351,-0.795217670565323,0.190260291508294,0.0996549916064291,"L"
1991,"POR","PHO",1.51435583171237,-0.0683123944679385,-0.62097608123888,0.754706807569205,0.89303536797489,0.551907886974802,-2.03041915153608,0.544974347660151,-0.814247997639659,-0.78106269345452,"W"
1991,"UTA","SEA",-1.35997975178053,2.17081609086957,1.40966103113351,-1.1867908577042,-0.669776525981167,-0.378634480598956,0,-0.261365248367625,0.754238612421565,0.160266911839734,"W"
1991,"CHI","CLE",0.970363931000181,-0.0834929265718965,0.0861207703908038,0.789273531579953,0.625124757582422,0.0962630035421186,-1.66447151375923,-0.639510714090997,0.857317233446438,-2.15820921255497,"W"
1991,"POR","UTA",1.44819465459871,0.0455415963119383,-0.557518671477234,1.36538559842668,0.424191799788071,0.41072214844633,-0.448580975339365,0.928680776114749,-0.81263972899876,-1.17697689232107,"W"
1991,"CHI","POR",-0.889500270083449,-0.834929265719033,0.969991834927879,-1.67072499385547,-0.904198310074576,-1.54020805667384,0.826333375625153,-1.03990003073927,1.48901310869202,-0.354420663864194,"W"
1992,"NYK","IND",-0.514586933106169,1.55600454065825,-0.0861207703907667,0.380233964118831,0.725591236479601,0.256701342778982,-0.365947637776847,-0.355901614798462,-0.624245042198395,-0.864364511203391,"W"
1992,"BOS","CHA",-0.139673596128829,-0.546499155743383,-0.734292884384664,0.414800688129626,0.0893035367974835,-0.969047568990648,-0.177071437633959,-0.361462577529689,-0.0119029705800205,0.210122567910127,"L"
1992,"CLE","NJN",-2.66114956834896,-0.0759026605199163,2.16208460402146,-1.79746964856173,-0.870709483775517,-1.50812038882641,0.118047625089311,0.711803229596934,1.48873285041619,1.23220554995213,"W"
1992,"CHI","ATL",0,-0.463006229171487,0.222100934165708,-0.0172833620054207,-0.256747668292782,-1.51453792239593,1.55822865117886,-0.767412856909192,0.666348839310786,-0.316142686438713,"W"
1992,"PHO","LAL",0.279347192257659,1.68503906354215,0.335417737311489,-0.224683706070234,-0.334888262990588,0.596830621961102,0.283314300214338,1.1733631362887,0.818517645199453,-0.0918574367104683,"W"
1992,"POR","SAS",2.25683126376555,-0.265659311819712,-0.194904901410762,0.276533792086402,2.09863311474099,-0.0770104028336739,-1.05062386329484,0.21687754651782,-1.34188278473382,-0.691877460525267,"L"
1992,"SEA","UTA",1.33057478417445,-1.58636560486623,-1.22835414610025,0.0345667240108414,2.21026253573783,-0.0192526007084446,0.767309563080498,0.489364720347888,-0.0908457277773489,-0.147439606124198,"W"
1992,"HOU","LAC",-1.45554589650027,1.30552576094256,-0.575649359980529,-1.27320766773121,-1.84188544644818,-0.275953943487374,0.613847650464401,1.41248453373141,0.117651020974595,1.43261876776288,"W"
1992,"NYK","CHA",0.404318304583359,1.15372043990272,-0.163176196529922,1.84931973457794,0.457680626087132,-0.186108473514773,-1.192281013402,0.100097329162073,-0.920017446755525,-1.06072087524411,"W"
1992,"CHI","CLE",2.65379832644746,-1.61672666907421,-0.979057179179527,1.29049102973664,1.87537427274727,-0.109098070681098,-1.48740007612527,-0.216877546517815,-0.630736122207902,-2.4365136309737,"W"
1992,"PHO","SAS",1.63197570213669,-0.242888513663711,0.339950409437314,-0.604917670189065,1.89770015694664,0.84711443117062,-0.696480988026911,0.900875962458622,0.123976326359696,-0.413308714598545,"W"
1992,"HOU","SEA",-1.74224433065937,2.11009396245361,0.947328474298723,-1.56702482182304,-2.92469083011775,0.179690939945308,1.58183817619672,0.939802701577201,-0.00236671528544485,-0.124278557579837,"L"
1992,"NYK","CHI",-1.02917386621234,2.86153030160081,-0.0362613770066296,1.76866404521939,-1.14978303626767,1.23858397890856,-0.448580975339365,-0.283609099292526,-0.718427755740286,0.293313508833971,"L"
1992,"PHO","SEA",-0.59545059402278,1.94310810930982,0.82041365477543,-1.33657999508439,-2.14328488313972,0.590413088391638,0.543019075410815,1.00097329162069,0.25985164550348,-0.296019853741149,"W"
1992,"CHI","PHO",1.09533504332594,-1.72299039380211,0.208502917788236,0.374472843450374,0.346051205090274,-1.64288859378542,-0.531214312901883,-0.856388260608812,-0.432585873628503,-0.707844465559884,"W"
1993,"ATL","MIA",0.11026862852275,0.121444256831857,0.906534425166233,-2.29868714671837,3.03632025111467,-0.404304614876918,0.8853571881698,-0.383706428454598,-0.0972787836310261,-1.1645278023092,"W"
1993,"ORL","IND",0.345508369371321,-0.402284100755524,0.0679900818874705,-1.50365249446991,-0.256747668292783,-0.725181293350592,-0.0118047625089311,1.16780217355747,-0.026707565614307,-2.14273277391022,"L"
1993,"CHI","CLE",0.389615820780349,0.288430109975712,0.240231622669039,0.282294912754859,0.390702973489012,1.09098070681062,-0.849942900643005,-0.339218726604788,0.449513470947724,-2.32328202399508,"W"
1993,"NYK","NJN",-0.918905237689589,-0.106263724727897,0.756956245013784,1.77442516588785,0.625124757582423,1.05247550539379,-2.25470963920577,0.517169534004024,0.613014780168398,-0.55667043958005,"W"
1993,"SEA","DEN",0.316103401765183,-2.45924620084522,1.58190257191507,-0.0691334480216359,4.17494034528257,-1.02680537111588,-3.78932876536675,0.400389316648273,0.768151260373038,0.973573964385224,"L"
1993,"SAS","UTA",0.955661447197111,1.60913640302223,-1.28274621161021,-1.87812533792028,-2.12095899894036,0.044922734986353,1.01520957576804,0.389267391185824,-0.0594361966504985,0.078678438068918,"L"
1993,"PHO","GSW",0.271995950356094,0.432645164963504,0.285558343927353,-0.864168100270047,-0.65861358388148,-0.821444296892711,-0.602042887955461,0.294731024754978,-0.30299667793019,2.26564565165775,"W"
1993,"HOU","POR",-2.76406695497015,1.20685230226664,0.0770554261391179,-1.04276284099252,-0.301399436691528,0.82144429689271,0.897161950678731,0.873071148802486,0.879973807747763,-0.0231539668966328,"W"
1993,"ATL","IND",0.882149028182005,0.106263724727899,0.00453267212582442,-2.010631113295,2.33305489883444,-1.20649631106118,-0.0944381000714491,0.467120869422988,-1.03991840557604,0.479711238540309,"L"
1993,"NYK","CHI",0.23523974084851,1.14613017385068,-0.158643524404097,1.44604128778523,0.13395530519623,0.346546812751585,0.365947637776847,0.461559906691761,-0.679504785064141,1.45935512794455,"W"
1993,"UTA","DEN",-0.338157127469756,-1.30552576094256,1.88559160434576,0.357189481444954,0.803731831177398,-1.48245025454856,-3.80113352787568,0.050048664581032,0.469623115983836,0.798764286544218,"W"
1993,"HOU","PHO",-2.1612651190458,1.25998416463056,-0.788684949894626,0.0403278446792528,-0.312562378791215,0.211778607792628,0.295119062723261,0.472681832154214,-0.399059678359109,0.53765724417388,"W"
1993,"NYK","IND",0.330805885568251,1.00950538491487,0.0543920655099616,0.155550258048598,0.513495336585555,-0.513402685557963,-0.849942900643016,0.734047080521839,-1.09462889061746,0.271755294544489,"W"
1993,"HOU","UTA",-0.977715172901686,1.77612225616602,-0.41700583557647,-1.97030326861575,-0.379540031389325,0.943377434712737,1.42837626358061,1.39024068280651,-0.0743092812231296,0.086622532585802,"W"
1993,"HOU","NYK",-1.83045923347755,0.584450486003341,0.0906534425166268,-2.04519783730579,-0.390702973489012,-0.14118573852842,1.18047625089307,0.62838878862854,0.623613898426792,-0.112003507713637,"W"
1994,"ORL","BOS",-0.0514586933106537,1.03986644912278,2.25727071866392,-1.43451904644827,0.669776525981168,-0.0513402685558178,1.4992048386342,0.895314999727391,1.56450569261614,-2.99786110524154,"W"
1994,"CHA","CHI",-2.01424028101553,0.766616871251092,0.462332556834783,-1.59583042516537,-1.97584075164444,-0.468479950571611,0.554823837919746,0.65063263955345,-0.0695006214184188,1.80123602563447,"L"
1994,"NYK","CLE",-0.852744060575926,1.79130278827004,1.73601342419335,2.35053723273453,-0.435354741887758,0.827861830462228,0.448580975339365,0.745169005984287,1.10249437802774,-0.928861103203271,"W"
1994,"IND","ATL",-0.38961582078035,0.136624788935877,0.543920655099725,0.777751290243037,-0.390702973489012,0.763686494767429,-0.578433362937608,-0.917558850652296,1.27858100343946,0.980475820494803,"W"
1994,"SAS","DEN",-0.0808636609166724,1.96587890746576,0.37621178644398,-1.1061351683457,-0.0446517683987462,-0.866367031879011,-1.52281436365205,0.116780217355747,0.18622662686065,0.0252424583153474,"W"
1994,"SEA","LAL",-0.426372030287992,0.159395587091815,0.167708868655783,0.771990169574579,1.8642113306476,0.333711745612656,-2.01861438902715,-0.189072732861684,1.16428219195815,0.821110140425142,"L"
1994,"UTA","HOU",-0.0441074514090884,-0.212527449455733,0.8884037366629,1.90693094126262,0.413028857688385,-0.211778607792629,-1.44018102608955,-1.91853214227298,1.32076810639136,1.13541252923813,"L"
1994,"PHO","POR",-2.38915361799287,-0.303610642079672,1.59550058829258,-1.0658073236664,0.212095899894044,-0.288789010626302,-1.82973818888425,0.678437453209581,1.29259456914906,2.0647807543725,"W"
1994,"ORL","CHI",0.316103401765182,1.23721336647456,1.40966103113351,-1.35962447775822,-1.39536776246077,0,1.60544770121457,0.444877018498082,1.09100947394482,-2.05111268742586,"W"
1994,"IND","NYK",0.896851511985014,-1.38901868751446,-0.806815638397958,-0.93906266896014,1.25024951516485,0.224613674931556,-0.283314300214338,-0.878632111533713,0.44496044441345,0.613966465448239,"W"
1994,"SAS","LAL",-0.713070464447097,2.61864178793704,-0.720694868007154,-0.357189481444954,-1.04931655737049,0.0192526007083923,-1.26310958845559,-0.506047608541567,0.86588551173914,0.113500991402731,"W"
1994,"PHO","HOU",1.08063255952287,-0.280839843923672,0.625508753364703,0.720140083558411,-0.379540031389327,-0.994717703268504,-2.384562026804,-0.34477968933601,0.0645149150147136,0.235167400829544,"L"
1994,"ORL","IND",0.720421706348601,1.26757443068254,1.8311995388358,-1.22711870238346,-0.346051205090274,-0.275953943487374,1.47559531361634,0.828583446952676,1.01226481726399,-2.94033500577001,"W"
1994,"SAS","HOU",1.09533504332594,1.67744879749011,-0.639106769742213,0.904495944949345,-0.725591236479601,-0.487732551280056,-0.68467622551798,-1.17892409901992,0.157995705128343,-0.377990347596903,"L"
1994,"ORL","HOU",1.97748407150789,0.129034522883835,1.00172053980868,0.0691334480216359,-0.546984162884624,-0.160438339236865,-0.306923825232201,-0.683998415940803,0.897487978154447,-2.84925999661452,"L"
1995,"CHI","MIA",1.82310799157605,-0.63758234836732,1.27368086735856,-2.02215335463192,1.90886309904633,-1.40543985171489,-1.10964767583949,-0.04448770184981,0.867681601085455,1.27334687484294,"W"
1995,"CLE","NYK",0.279347192257599,-2.99056482448464,-0.0181306885033332,-1.03124059965561,0.323725320890893,-1.27708918032539,-0.436776212830444,0.617266863166092,-0.429546130781622,0.211366307024248,"L"
1995,"IND","ATL",-1.26441360706085,0.865290329927011,1.396063014756,1.82627525190406,-2.14328488313973,0.686676091933704,0.047219050035725,-1.12887543443889,1.35455346164432,-0.0853064953153478,"L"
1995,"ORL","DET",0.602801835924346,-0.296020376027692,2.13035589914066,-1.40571344310598,1.75258190965073,-0.3529643463211,0.637457175482254,0.428194130304408,0.982429941488413,-2.12178374844757,"W"
1995,"SEA","SAC",-1.17619870424261,0.789387669407095,0.770554261391292,-0.944823789628598,2.66794316182497,-0.00641753356946473,-0.507604787884021,0.661754565015902,0.955495867748998,1.04726589615257,"W"
1995,"LAL","HOU",0.558694384515258,-1.15372043990272,0.444201868331451,-0.293817154091822,0.85954654167583,-0.526237752696892,0.472190500357228,-0.889754036996165,0.667161503733416,-0.664627742354543,"L"
1995,"UTA","POR",-1.22765739755321,-1.54841427460627,1.71788273569002,1.07732956500332,0.814894773277094,-1.03964043825486,0.0118047625089311,-0.572779161316282,1.23867193377663,3.76823091748612,"W"
1995,"SAS","PHO",-0.529289416909179,0.6451726144193,0.194904901410762,0.253489309412523,0.245584726193096,-0.0770104028337262,2.41997631433079,1.06214388166417,0.143921078408642,-1.27412903783227,"W"
1995,"CHI","NYK",3.07281911483383,-0.288430109975712,0.95639381855037,-0.328383878102618,1.11629420996861,-0.622500756239011,-0.377752400285788,0.328096801142335,0.305000773805904,-0.404768099580238,"W"
1995,"ORL","ATL",-1.5878682507276,1.92033731115382,2.13488857126648,-0.0288056033423376,-1.2055977467661,-0.43639228272429,1.02701433827697,0.311413912948661,1.45048118255224,-2.32837525353775,"W"
1995,"SEA","HOU",0.257293466553085,-0.0455415963119383,0.0770554261391179,1.23287982305196,2.6456172776256,1.25783657961695,-0.979795288241249,-0.311413912948657,0.695186898328077,-0.164696927539613,"W"
1995,"SAS","UTA",-0.411669546484924,1.61672666907421,-0.430603851953942,-1.30201327107355,-0.245584726193096,-0.128350671389491,1.39296197605382,0.784095745102871,-0.45323727818823,-1.16851257562231,"L"
1995,"CHI","ORL",2.06569897432612,0.0759026605199185,-0.213035589914059,0.564589825509814,0.915361252174263,0.0962630035421176,-0.720090513044773,-0.433755093035635,-0.192423830531567,1.94000774663876,"W"
1995,"SEA","UTA",-0.286698434159164,0.576860219951361,-0.634574097616353,-0.455128532808878,2.40003255143251,1.45036258670119,-0.295119062723269,1.13443639717011,-0.309848878725057,-0.289004908590738,"W"
1995,"CHI","SEA",2.1539138771443,-0.288430109975712,0.154110852278274,-0.921779306954719,-1.52932306765699,-1.70706392948017,-0.566628600428678,-0.205755621055367,-0.102411344353693,-0.507367539016137,"W"
1996,"UTA","LAC",-1.49230210600785,1.27516469673458,2.43404493157135,0.0979390513639735,0.167444131495291,-0.333711745612656,-0.271509537705398,-0.778534782371645,2.40502826434766,1.33364277681964,"W"
1996,"LAL","POR",0.24994222465158,-0.607221284159339,0.611910736987195,-0.633723273531356,1.11629420996861,-0.866367031879065,1.6526667512503,0.278048136561299,-0.405756443358248,-0.749281783897456,"W"
1996,"HOU","MIN",-0.220537257045502,1.99623997167373,0.630041425490529,-1.19831309904117,0.747917120678973,0.782939095475822,-2.47900012687545,1.66828881936781,0.506123245564491,0.127702098423205,"W"
1996,"SEA","PHO",0.691016738742521,-0.796977935459135,-0.616443409113018,0.437845170803505,2.67910610392463,0.327294212043191,0.779114325589428,0.177950807399236,-0.0790067330714794,-0.346783449578749,"W"
1996,"CHI","WA1",1.6540294278412,0.31120090813165,1.00172053980868,-1.14070189235645,0.0446517683987462,-1.15515604250542,-0.826333375625144,1.0677048443954,-0.295564665407891,1.41392047594235,"W"
1996,"ATL","DET",1.19825242994719,0.440235431015549,0.0135980163775089,-0.351428360776495,0.770243004878347,1.20007877749172,1.69988580128602,0.428194130304404,-0.75508497362804,0.613443931781519,"W"
1996,"NYK","CHA",0.463128239795516,1.65467799933417,-0.960926490676195,1.90693094126262,0.357214147189952,1.66214119449381,0.342338112758994,-0.67287649047835,-0.349684876817576,-1.01857532151174,"W"
1996,"MIA","ORL",-0.838041576772856,1.3738381554105,0.208502917788236,1.59006930449687,-0.49116945238619,0.359381879890565,0.89716195067874,0.617266863166092,0.657021501634076,-0.966075387949255,"W"
1996,"UTA","LAL",-1.49230210600785,-0.0303610642079802,1.60456593254423,0.939062668960141,0.0893035367974843,0.23744874207059,-1.85334771390212,-1.20672891267605,2.06905298264379,2.72258706163533,"W"
1996,"SEA","HOU",0.61015307782585,-2.23153821928547,-0.371679114318156,1.11189628901416,2.44468431983123,-0.859949498309548,0.483995262866159,-0.622827825897314,-0.0634189662163981,-0.102288382198493,"L"
1996,"CHI","ATL",1.57316576692453,0.842519531771011,2.65161319361123,0.149789137380187,0.167444131495289,-0.763686494767481,-1.12145243834841,-0.756290931446744,1.1554200405587,-0.544959426052784,"W"
1996,"MIA","NYK",-0.117619870424255,-0.865290329927011,-0.335417737311489,-0.65676775620528,0.23442178409341,-1.00113523683797,0.720090513044773,1.15668024809502,-0.429331452357553,-1.02513500239987,"W"
1996,"UTA","HOU",-0.279347192257659,-1.17649123805866,0.843077015404586,2.13737576800131,0.70326535228022,-0.68025855836424,0.838138138134085,-1.87404444042317,1.48064604197212,0.515032396663744,"W"
1996,"CHI","MIA",2.04364524862155,0.447825697067465,1.84479755521327,-1.73985844187701,0.736754178579286,-1.26425411318647,-1.26310958845559,-0.861949223340039,0.871671946665844,1.00030971347826,"W"
1996,"UTA","CHI",-2.54352969792471,-0.387103568651568,0.258362311172371,2.09704792332201,0.357214147189953,0.962630035421182,1.01520957576804,-1.05102195620172,1.27196742208809,0.771231674234466,"L"
1997,"CHI","NJN",-0.742475432053115,2.28467008164945,1.21022345759692,-1.30201327107355,-0.904198310074578,-0.0128350671389276,0.460385737848297,0.00556096273122625,0.401632714393942,-0.0605080137389293,"W"
1997,"CHA","ATL",-0.882149028182005,-0.584450486003339,1.68615403080921,0.495456377488178,0.424191799788072,0.211778607792628,-2.11305248909859,0.0500486645810317,0.560614288936683,-0.182576832092614,"W"
1997,"IND","CLE",-0.595450594022782,0.129034522883835,-0.0226633606291563,-0.460889653477337,-1.88653721484695,-1.60438339236859,-0.60204288795547,0.572779161316282,0.653238460064947,0.274754459930972,"W"
1997,"MIA","NYK",0.367562095075835,-0.113853990779877,-0.131447491649116,0.201639223396355,0.346051205090276,-0.134768204958955,1.78251913884854,0.923119813383522,0.162102016761688,-1.16620808986091,"L"
1997,"UTA","HOU",-0.183781047537918,0.417464632859484,1.22835414610025,1.77442516588785,-0.424191799788071,-0.243866275640001,1.39296197605382,-1.80175192491724,1.56682340340046,0.0821541288343304,"W"
1997,"PHO","SAS",0.0514586933105927,-1.41178948567046,1.29181155586186,0.19587810272785,2.67910610392467,-0.526237752696892,-1.64086198874137,0.71736419232816,-0.0311496676360024,2.15975568897262,"L"
1997,"LAL","POR",-0.0514586933105927,-0.387103568651568,1.10143932657696,0,1.66327837285324,-0.815026763323248,1.08603815082163,0.962046552502106,1.27499681939297,-2.04159842032767,"W"
1997,"SEA","MIN",-0.970363931000121,-1.54841427460627,-0.371679114318156,-0.403278446792663,1.84188544644821,0.0449227349863006,-0.602042887955461,1.76838614852988,0.475355399951935,-0.757939769346436,"W"
1997,"CHI","CHA",1.89662041059127,0.736255807043176,0.0498593933841371,-0.380233964118831,0.055814710498432,-0.442809816293701,0.483995262866159,-0.19463369559291,-0.727882630316458,-0.284730152640167,"W"
1997,"IND","NYK",-0.764529157757689,-0.65276288047128,0.462332556834783,-0.506978618825094,0.122792363096553,-0.506985151988448,1.06242862580377,0.105658291893295,0.957876977370519,-0.301404019370179,"W"
1997,"UTA","SAS",-0.161727321833343,-1.76853199011404,1.047047261067,1.32505775374743,1.47350835715856,-0.372216947029492,-1.84154295139319,-0.294731024754978,0.891311383207092,3.01441999589289,"W"
1997,"SEA","LAL",-1.08798380142444,-1.8672054487899,-0.104251458894099,-0.270772671417944,0.781405946978033,-0.712346226211665,-2.12485725160753,0.689559378672029,-0.367353073701964,1.49000052374294,"L"
1997,"CHI","IND",2.71260826165956,0.68312394467926,0.285558343927352,-0.967868272302476,0.569310047083987,0.0641753356947463,-0.177071437633958,-0.500486645810341,-0.792769091189575,-0.741914272607837,"W"
1997,"UTA","LAL",-0.86009530247743,-0.500957559431443,0.276492999675705,0.587634308183645,-0.960013020573009,0.0256701342779093,-1.69988580128602,-1.37911875734406,0.347860820843644,3.32986810600072,"W"
1997,"CHI","UTA",2.06569897432612,0.250478779715753,-0.534855310848077,-1.55550258048612,0.535821220784937,-0.526237752696892,-0.69648098802691,0.344779689336014,-1.64263595611038,-1.07864466012183,"W"
1998,"MIA","NYK",-0.578689762487371,0.0248960726505315,0.416280608036334,-0.992064979110029,-1.244891302957,-0.631485303236269,0.813112041615147,0.738718289216067,0.782891204637535,0.106137630564497,"L"
1998,"ATL","DET",0.855978607012571,1.08297916029814,-1.68742317900443,-1.43613216023547,-1.79410805426156,-0.473613977427203,1.00671014676161,-0.465118922839746,-1.57195863047953,-0.322311998566728,"W"
1998,"ORL","PHI",-0.494297505457964,0.211616617529522,0.988666444086295,-2.05026762349406,-0.842132352000322,-0.0315742651618147,-1.12286900984949,1.13999735990134,0.0576721307048431,-0.794171553491062,"L"
1998,"IND","MIL",0.0482241468739477,1.03318701499708,-0.185839557159078,-0.566894273777159,-2.30671035547914,-0.736732853775649,0.406556020807573,0.574558669390274,-0.478680100136969,2.2084724792726,"W"
1998,"SAS","MIN",-1.68784514058817,2.39002297445107,-0.869729127504485,-1.65344163185005,-0.091536125217426,1.24192109636467,1.52942503065706,0.455998943960535,1.33118544204788,-1.57999438003195,"W"
1998,"LAL","HOU",1.00065104763441,-0.709538070540162,0.275042544595435,2.5604724698935,0.0549216751304562,-0.610435793128394,0.522714883895452,-0.866397993525016,0.242350769851861,-1.61116524635658,"W"
1998,"UTA","SAC",-1.82046154449152,-0.80912236114229,0.557518671477234,1.10544383386546,-0.842132352000323,-0.294693141510259,0.85183166264444,-1.3679968318816,0.835043933270284,2.97845629747062,"W"
1998,"POR","PHO",0.578689762487371,1.89210152144043,-1.30831048239991,0.982616741213741,-0.604138426435014,0.947227954854406,1.74238294631817,-0.13679968318816,-0.30228264482498,-0.628515952486641,"W"
1998,"ATL","NYK",1.50700458981086,-0.136928399577925,-1.34547839383172,-1.44558039813176,-0.897054027130778,-0.620960548182332,-0.0387196210292927,-0.100319767671318,-1.06552860407274,-0.0348932084895781,"L"
1998,"IND","PHI",-1.86868569136547,0.298752871806384,0.527784342331782,-0.661376652740018,-4.13743285982767,-1.82078262433125,-0.929270904703025,1.7875158603253,0.894018489668411,2.60784837786066,"W"
1998,"SAS","LAL",-0.0602801835924355,1.26969970517713,0.044601493718179,-2.0880605750792,0.585831201391528,0.052623775269689,1.23902787293737,-0.629278542665539,-0.47901627286061,0.529626367655274,"W"
1998,"POR","UTA",1.09709934138231,0.771778252166491,-0.973799279513567,-0.0661376652740022,0.237993925565309,-0.452564467319328,0.271037347205049,0.966717761196334,-0.991107150841452,-0.855274144983293,"W"
1998,"IND","NYK",0.2772888445252,-0.721986106865428,0.312210456027251,-0.547997797984587,-1.44627077843534,-1.63133703336036,-0.755032610071208,0.78431818361212,0.549826193577669,2.24341483312627,"L"
1998,"SAS","POR",-0.385793174991582,0.174272508553725,0.208140304018167,-1.09599559596917,0.183072250434852,-0.126297060647254,1.18094844139343,-0.674878437061592,0.623836049635747,-1.57964935446464,"W"
1998,"SAS","NYK",0.759530313264676,0.921154688069684,1.02583435551811,-1.22827092651718,0.475987851130616,-0.473613977427202,1.72302313580352,-0.328319239651585,0.915568909330539,-1.20993559315655,"W"
1999,"IND","MIL",-1.27911609086386,1.81407358642598,0.0226633606291564,-1.34810223642131,-1.25024951516484,-0.455644883432683,0.460385737848297,1.05102195620172,-0.253522880645242,0.893057121872522,"W"
1999,"CHA","PHI",-1.93337662009886,1.26757443068254,0.933730457921213,-1.54974145981762,-0.658613583881482,-0.500567618419036,1.10964767583949,0.728486117790608,0.317329708483082,1.75515272996555,"L"
1999,"NYK","TOR",-2.17596760284884,0.546499155743381,-1.62722929317339,-0.0345667240107944,-1.69676719915229,0.404304614876864,-2.17207630164325,-0.411511242110725,0.908996145842715,0.556453151770889,"W"
1999,"MIA","DET",0.0294049676060784,1.2220328343706,1.01531855618619,-0.368711722781869,-0.926524194273951,-0.372216947029545,2.73870490207192,0.0389267391185792,0.0638292671109552,-1.57283972048303,"W"
1999,"LAL","SAC",0.448425755992507,0.781797403355117,-0.145045508026588,0.645245514868316,-1.94235192534539,-1.16157357607483,1.78251913884854,-1.05658291893295,0.394500562579846,-2.04719632477204,"W"
1999,"SAS","PHO",-0.698367980644027,0.819748733615073,-1.26461552310688,-1.48060801179603,-1.4511824729592,-0.853531964740084,1.36935245103596,-0.711803229596934,0.205139319402874,-0.438746925619225,"L"
1999,"POR","MIN",-0.367562095075835,0.67553367862728,-1.2691481952327,-0.276533792086402,0.122792363096543,0.667423491225364,-0.49580002537509,0.884193074264939,0.124774732082496,-0.693588883660295,"W"
1999,"UTA","SEA",-0.779231641560698,-0.432645164963504,0.738825556510487,1.36538559842668,-0.312562378791216,0.429974749154774,1.18047625089307,-1.20672891267605,0.706447535217053,2.73623879717233,"W"
1999,"IND","PHI",-2.24212877996254,1.09299831148676,0.181306885033217,-0.881451462275468,-2.58980256712718,-0.802191696184319,0.424971450321503,2.08536102420977,0.721910157368359,3.64628626023345,"W"
1999,"NYK","MIA",-0.87479778628047,-0.743846073095156,-1.55470653916009,0.207400344064814,-0.75908006277866,-0.198943540653701,-1.93598105146464,-0.528291459466472,-0.234636083215163,1.59542120111457,"W"
1999,"LAL","PHO",0.698367980644087,1.36624788935846,-0.802282966272098,-0.760467928237664,-1.46234541505889,-1.43752751956226,1.16867148838414,-0.633949751359771,0.0879522356721327,-2.20471392073948,"W"
1999,"POR","UTA",0.220537257045441,1.01709565096691,-0.525789966596392,-0.852645858933132,0.0446517683987463,0.147603272097935,-0.507604787884021,0.43375509303563,0.233875327146845,-0.446092311208523,"W"
1999,"IND","NYK",0.294049676060639,0.690714210731238,1.21928880184857,-1.13494077168804,0.502332394485878,-0.263118876348446,0.731895275553703,1.29014335364444,0.178180584497887,1.06724146085885,"W"
1999,"LAL","POR",1.11003752712901,1.35106735725444,-0.0181306885033333,-0.138266896043225,-0.223258841993722,-0.641753356947455,1.53461912616099,-0.350340652067241,-0.459498829377669,-2.25609581983216,"W"
1999,"IND","LAL",-2.02159152291703,-0.95637352255089,-0.290091016053214,-0.316861636765701,-0.602798873383048,0.102680537111582,-1.29852387598238,1.32907009276303,-0.0003591978231412,4.0746292068057,"L"
2000,"PHI","IND",1.13209125283352,0.0379513302599581,-0.321819720934019,-1.45180240845374,1.41769364666013,0.372216947029492,-0.932576238205524,-0.745169005984291,0.319837210332407,-0.736776832976712,"W"
2000,"NYK","TOR",-2.53617845602315,-0.0379513302599581,-2.19381330890227,0.67981223887916,-0.602798873383057,0.571160487683193,-2.04222391404502,-0.211316583786588,0.307637468692272,1.72450478970107,"L"
2000,"MIA","CHA",-1.61727321833364,-1.31311602699454,-1.22382147397443,-0.161311378717055,-0.357214147189962,-0.308041611334747,-1.78251913884854,0.767412856909197,-0.00899238809224578,0.504728488356647,"L"
2000,"MIL","ORL",-0.691016738742583,0.379513302599588,0.185839557159078,-0.823840255590794,-0.0223258841993731,-0.859949498309547,-1.12145243834842,0.400389316648277,0.815202409899882,2.58266097128758,"W"
2000,"SAS","MIN",-0.735124190151671,1.83684438458192,-1.38246499837849,-2.00486999262654,-1.27257539936422,-0.0385052014168892,1.41657150107168,0.683998415940803,0.100778592142742,-2.493460204078,"W"
2000,"UTA","DAL",0.823339092969848,-1.42697001777441,1.68162135868335,1.15798525436187,0.480006510286505,1.00113523683802,-0.342338112758995,-1.0677048443954,0.475358673271231,-1.50781458482336,"L"
2000,"SAC","PHO",0.124971112325821,-6.15570576816506,-0.240231622669076,-1.54398033914921,0.20093295779435,-0.192526007084236,0.0354142875267943,0.817461521490228,0.576642448644268,0.563534247266614,"W"
2000,"LAL","POR",0.918905237689589,0.774207137303135,-0.339950409437352,0.731662324895328,-1.20559774676611,-0.474897484141074,0.838138138134075,0.389267391185825,-0.131671771965814,-2.79261456478244,"W"
2000,"PHI","TOR",-0.316103401765182,0.538908889691403,-1.41419370325933,-0.414800688129625,1.01582773107143,1.20649631106113,-1.31032863849131,-0.928680776114749,0.427736149796604,-0.0601841756254377,"W"
2000,"CHA","MIL",0.426372030287994,0.819748733615073,0.253829639046548,-1.00819611698173,-0.0781405946977969,0.26953640991791,0.814528613116222,-1.23453372633218,-1.13789037400703,-1.46993176863133,"L"
2000,"SAS","DAL",0.521938175007675,1.07022751333076,0.172241540781569,-2.05095895797425,-0.558147104984311,0.0320876678473723,0.99160005075018,-0.400389316648277,0.0506329860291137,-2.81287927821422,"W"
2000,"SAC","LAL",-0.720421706348601,-6.56558013497263,-0.16317619652992,-1.59006930449692,2.55631374082813,0.263118876348446,-0.684676225517979,0.222438509249041,-0.657729745900711,3.11551382023525,"L"
2000,"PHI","MIL",0.735124190151671,0.759026605199115,-0.68896616312635,-1.46908577045911,0.200932957794348,0.956212501851666,0.259704775196477,-1.66828881936781,-0.438093585492668,-1.463842187622,"W"
2000,"SAS","LAL",-1.34527726797752,0.979144320706888,-0.498593933841411,-1.8493197345779,0.0446517683987462,-0.243866275640055,1.01520957576804,0.0333657763873531,-0.189740828497508,1.12488361557486,"L"
2000,"PHI","LAL",-0.0735124190151669,0.129034522883835,-0.8884037366629,-1.14646301302495,1.40653070456045,0.603248155530565,-0.967990525732318,-0.984290403427011,-0.744403568791565,2.20028469482466,"L"
2001,"NJN","IND",0.801285367265333,-0.402284100755527,0.480463245338078,-0.818079134922336,0.647450641781794,-0.141185738528419,0.637457175482254,-0.0111219254624525,0.0106812352378216,-1.29479566315915,"W"
2001,"CHA","ORL",0.86009530247743,0.493367293379465,-0.203970245662411,0.270772671417942,-0.133955305196239,0.147603272097883,0.849942900643016,-1.52370378835594,-0.343735761765561,-0.333756961259861,"W"
2001,"BOS","PHI",-1.47759962220479,0.273249577871689,0.380744458569803,0.743184566232243,0.982338904772374,-0.603248155530566,-0.826333375625144,2.69706692464463,-0.502709930873379,-0.521594347662508,"W"
2001,"DET","TOR",-2.23477753806096,0.227707981559753,-0.0634574097616474,-0.437845170803505,-0.446517683987444,0.166855872806328,1.3103286384913,1.00653425435191,0.745938905758768,0.614185384484122,"W"
2001,"SAC","UTA",-0.705719222545532,2.67936391635299,-0.185839557159078,-2.36782059474,-0.0893035367974925,-1.25141904604749,-1.74710485132174,0.811900558759002,0.689343828522728,-0.403992002014591,"W"
2001,"DAL","MIN",-1.03652510811384,0.0455415963119383,-0.82494632690129,0.587634308183645,0.636287699682117,-0.712346226211664,-0.483995262866159,1.25121661452586,0.031388337991349,0.312593994895558,"W"
2001,"LAL","POR",-0.463128239795576,1.23721336647462,-0.199437573536587,1.20983534037809,-0.859546541675831,-0.782939095475875,1.29852387598238,0.244682360173946,0.432248566053979,-2.28753792985311,"W"
2001,"SAS","SEA",-0.448425755992507,1.76853199011404,-1.28274621161021,-0.904495944949347,-0.814894773277085,0.308041611334747,2.04222391404502,-0.283609099292526,-0.455492446401108,-0.486593627558313,"W"
2001,"NJN","CHA",-0.147024838030334,0.0759026605199163,1.047047261067,-0.0748945686900927,0.703265352280227,0.391469547737938,0.401361925303641,0.316974875679883,0.278903917168276,-0.344271627512016,"W"
2001,"BOS","DET",0.595450594022836,1.54841427460621,-0.194904901410725,0.460889653477337,1.61862660445449,-0.34012927918212,-3.21089540242914,0.728486117790613,-1.17505501902283,0.279780244225928,"W"
2001,"SAC","DAL",0.698367980644087,1.01709565096685,0.666302802497193,-1.61887490783925,1.78607073594978,0.879202099017992,-0.129852387598233,-1.08438773258908,0.1997658107059,-1.95982947393299,"W"
2001,"LAL","SAS",0.845392818674361,0.31120090813165,1.08330863807363,1.42875792577986,0,-0.885619632587457,-0.69648098802691,0.400389316648272,0.117270847553426,-1.52076940179063,"W"
2001,"NJN","BOS",1.08798380142444,-0.417464632859485,1.21475612972274,-0.23620594740715,-0.859546541675831,0.558325420544265,2.32553821425935,-1.64604496844291,0.949335382717691,-1.03205915909591,"W"
2001,"SAC","LAL",-0.0661611771136025,0.721075274939157,0.344483081563175,-1.51517473580687,1.29490128356359,0.641753356947455,-1.21589053841986,-0.467120869422988,0.248796883632749,1.85761841429284,"L"
2001,"NJN","LAL",0.124971112325821,-0.698304476783218,0.489528589589763,-0.512739739493599,1.01582773107143,1.11665084108853,0.141657150107164,-0.595023012241187,-0.600523177539599,1.2910598656926,"L"
2002,"DET","ORL",-0.551343142613753,0.402284100755526,-0.253829639046548,-0.806556893585373,-1.56281189395606,-0.60966568910003,1.98320010150036,-0.19463369559291,-0.23580715850002,-0.209127458695558,"W"
2002,"PHI","NOH",-0.404318304583419,-0.455415963119507,-0.163176196529922,0.21316146473327,2.09863311474102,0.038505201416837,-1.29852387598238,-0.884193074264939,0.537538954679043,0.251935137947105,"W"
2002,"IND","BOS",1.13944249473503,1.14613017385075,1.51844516215347,0.305339395428738,-0.267910610392469,0.288789010626303,1.6526667512503,-1.89072732861685,1.08064188799436,0.834004559881281,"L"
2002,"NJN","MIL",0.845392818674361,1.2220328343706,0.290091016053177,-0.270772671417944,1.06047949947018,1.20649631106118,0.354142875267926,-1.32907009276302,-0.639389059762795,-0.668830304385602,"W"
2002,"SAS","PHO",-0.808636609166838,0.880470862031031,-0.37621178644398,-0.743184566232243,-0.401865915588709,0.609665689100083,1.47559531361634,0.305852950217431,0.770264833715814,-0.586676691714419,"W"
2002,"MIN","LAL",-0.87479778628044,0.455415963119504,0.72976021225884,-0.97939051363944,-0.96001302057301,-0.391469547737937,-0.436776212830433,-1.05658291893294,0.630661257245439,1.28783305466904,"L"
2002,"DAL","POR",-0.588099352121337,1.25998416463056,-0.104251458894136,0.55306758417285,-0.669776525981167,-1.79049186588331,1.57003341368778,1.42916742192509,-0.312641280377883,2.98071344278161,"W"
2002,"SAC","UTA",-0.88950027008345,2.80839843923683,-0.312754376682334,-0.985151634307851,0.301399436691518,-0.853531964740084,-0.118047625089302,1.48477704923735,-0.159613697259003,0.0418918773406624,"W"
2002,"DET","PHI",-1.16884746234111,0.227707981559753,-0.684433491000526,-0.322622757434159,-3.21492732470964,-0.731598826920057,2.17207630164325,1.6015572665931,-0.752201826167159,-0.133566806509112,"W"
2002,"BOS","NJN",-1.04387635001529,-0.432645164963507,-1.41419370325933,-0.0806556893585512,0.0334888262990589,-0.506985151988448,-0.838138138134084,2.07423909874731,-1.11339197817122,-0.530178565961293,"L"
2002,"SAS","LAL",-1.02182262431077,0.0151805321040199,-1.2374194903519,-1.16374637503037,-0.111629420996866,0.693093625503221,0.696480988026911,-0.205755621055362,0.460608142057089,-0.302112670159747,"W"
2002,"DAL","SAC",0.0882149028181767,-1.57118507276227,-0.89293640878876,0.368711722781916,-0.781405946978023,-1.70064639591065,-0.0944381000714491,0.806339596027776,-0.465171474367693,2.92951583480213,"W"
2002,"DET","NJN",-0.793934125363768,-0.62999208231528,-1.21022345759692,-0.138266896043225,-1.79723367804947,-0.904872233295848,1.10964767583948,1.03990003073927,-0.469137489987781,0.504507199587924,"L"
2002,"SAS","DAL",0.198483531340928,0.0910831926239386,-0.911067097292058,-0.334144998771121,-0.401865915588709,2.2718068835939,0.944381000714455,-1.03990003073927,0.381202890268823,-3.67500417619361,"W"
2002,"NJN","SAS",0.382264578878844,-0.212527449455793,1.13770070358363,0.576112066846729,0.982338904772383,-0.487732551280056,-1.82973818888426,-0.572779161316282,-0.861492747551431,1.13549060045356,"L"
2003,"IND","BOS",0.838041576772856,0.0910831926238766,0.412473163450646,-0.737423445563786,-0.491169452386182,-1.16157357607488,0.944381000714456,-0.578340124047508,-0.324262924534607,0.471577472000664,"W"
2003,"MIA","NOH",-1.11003752712901,0.31120090813165,-0.684433491000526,0.55306758417285,-1.31722716776297,-0.506985151988448,-0.389557162794709,-0.255804285636399,0.235091680514411,0.398450674800818,"W"
2003,"DET","MIL",0.396967062681915,-0.0759026605199185,-0.770554261391292,-0.0172833620053736,1.17210892046705,0.725181293350593,2.20749058917004,-0.378145465723368,-0.488311470104954,-0.779665366564137,"W"
2003,"NJN","NYK",-0.646909287333434,-0.531318623639361,1.42325904751098,-1.00819611698173,1.1274571520683,-0.616083222669494,-0.814528613116222,-0.161267919205553,-0.0371230164148851,-1.42113448173516,"W"
2003,"MIN","DEN",-1.52905831551538,1.95828864141377,0.435136524079803,-0.420561808798084,-2.05398134634225,-1.26425411318641,-0.684676225517989,-0.0278048136561312,0.799186990034298,0.506427570562072,"W"
2003,"SAC","DAL",-2.10245518383371,-0.349152238391608,0.856675031782095,-0.132505775374768,0.602798873383048,0.911289766865365,-1.32213340100024,0.52273049673525,0.121895816314462,-0.00277025207880355,"W"
2003,"SAS","MEM",-0.139673596128769,2.18599662297353,-1.08330863807366,-1.35962447775822,-1.49583424135794,-0.160438339236864,-0.330533350250054,-0.216877546517815,-0.142012005993641,-1.6153654631953,"W"
2003,"LAL","HOU",1.13209125283352,-0.850109797822991,1.6725560144317,-0.172833620054017,1.36187893616171,-1.27708918032539,-0.755504800571557,-0.834144409683907,0.487268440557872,-2.81523706881408,"W"
2003,"IND","MIA",0.183781047537918,-0.0531318623639781,0.947328474298722,-0.59339542885215,1.51816012555732,0.205361074223165,1.15686672587521,-0.200194658324136,0.428067343093731,0.0629361186630883,"W"
2003,"DET","NJN",1.11738876903052,0.144215054987793,-1.39153034263017,-0.334144998771074,-0.558147104984302,0.141185738528419,2.92758110221482,-0.244682360173946,-0.271736910603646,-0.0206017102563611,"W"
2003,"MIN","SAC",-0.0955661447196798,1.1613107059547,-1.18756009696776,0.835362496927758,-1.66327837285323,-0.661005957655848,1.6172524637235,-1.52926475108716,-0.0336854858799749,-0.519987861667535,"W"
2003,"SAS","LAL",0.198483531340987,1.01709565096685,-1.23288681822608,-0.374472843450374,-0.234421784093409,0.378634480598956,1.86515247641105,0.23912139744272,-0.497918624306796,-0.441453673724032,"L"
2003,"IND","DET",-0.360210853174331,-0.30361064207967,0.326352393059842,0.25925043008098,0.747917120678972,-0.455644883432683,-1.87695723891998,0.645071676822219,0.019641704380323,0.390221417503365,"L"
2003,"MIN","LAL",-0.926256479591032,0.834929265719031,-0.262894983298196,-0.00576112066845846,-1.35071599406202,-0.590413088391639,0.979795288241239,-0.216877546517815,0.336532632502213,3.09924821021557,"L"
2003,"DET","LAL",0.095566144719742,-0.32638144023567,-1.11503734295447,-0.391756205455748,-0.256747668292782,0.532655286266356,2.25470963920576,-0.177950807399231,-0.780296874548525,2.09959840638505,"W"
2004,"MIA","NJN",0.235239740848511,1.91274704510184,0.0815880982649423,-0.979390513639393,-1.36187893616171,-0.231031208501074,1.9595905764825,0.222438509249041,2.41434567195165,-3.20208710988369,"W"
2004,"CHI","WAS",-0.970363931000181,1.64708773328219,0.815880982649607,1.27896878839972,-1.56281189395606,1.27067164675593,0.259704775196477,-0.0166828881936791,-0.183682012821462,0.888094639745895,"L"
2004,"BOS","IND",0.301400917962173,0.151805321039837,1.45498775239178,0.639484394199813,0.580472989183685,0.795774162614802,0.779114325589419,-0.583901086778734,1.48498611989584,-1.00321423510004,"L"
2004,"DET","PHI",1.06593007571992,-0.220117715507773,0.349015753689,-1.38266896043206,-2.0093295779435,-0.904872233295901,2.07763820157181,-0.789656707834097,0.279875825847719,-1.78627918890899,"W"
2004,"PHO","MEM",0.588099352121337,2.61864178793703,0.95639381855037,-1.99910887195809,-1.41769364666014,-0.462062417002147,-0.271509537705408,1.4736551237749,1.28870751332097,-0.208388538475307,"W"
2004,"DAL","HOU",0.852744060575866,-0.538908889691403,-0.557518671477234,0.120983534037804,1.61862660445449,-0.211778607792629,0.979795288241249,-0.500486645810345,0.574039305174612,0.288803595218459,"W"
2004,"SEA","SAC",0.132322354227265,-1.09299831148676,-2.34792416118054,1.49213025313294,-1.35071599406202,0.256701342778982,0.259704775196476,0.800778633296545,-0.651038278161421,0.100863620217545,"W"
2004,"SAS","DEN",0.147024838030334,0.121444256831855,-0.84760968753041,-0.933301548291636,-1.529323067657,-0.628918289808474,0.637457175482264,1.03990003073927,-0.255531582883058,-1.38396091178667,"W"
2004,"MIA","WAS",-1.80840550777304,2.01142050377775,1.02891657256367,0.0460889653477584,-2.09863311474099,-0.295206544195819,1.4992048386342,-0.216877546517815,2.09167609357196,-1.8660954147637,"W"
2004,"IND","DET",-1.3673309936821,-0.675533678627218,-1.35073629349768,1.44604128778523,0.435354741887759,0.256701342778982,-1.6526667512503,0.995412328889464,-0.484375324109672,1.90737909789227,"L"
2004,"PHO","DAL",-0.169078563734848,0.926012458342907,1.43685706388849,-1.52093585647528,-1.51816012555732,0.147603272097936,-0.0944381000714491,1.85180058949827,0.859535310985918,-1.45529090141795,"W"
2004,"SEA","SAS",0.396967062681854,-1.3510673572545,-1.28727888373607,1.30777439174201,-0.669776525981168,-0.08342793640319,-2.41997631433079,0.884193074264939,-0.405811015585616,2.33062561863286,"L"
2004,"MIA","DET",-1.22765739755327,1.00191511886289,0.0135980163774718,1.01395723765019,-0.535821220784938,-0.038505201416837,-0.271509537705407,0.622827825897318,1.77860862428367,-2.3500370384836,"L"
2004,"PHO","SAS",-0.147024838030334,1.23721336647456,0.707096851629647,-0.881451462275468,-0.457680626087132,-0.00641753356946384,-1.06242862580377,1.60711822932432,1.02146701603762,0.851916394226781,"L"
2004,"DET","SAS",0.492533207401595,0.136624788935815,0.0725227540132949,-0.44936741214042,-0.413028857688385,0.0449227349863006,-0.543019075410815,-0.800778633296549,-0.38518882254791,0.515968165049761,"L"
