"Year","TeamA","TeamB","ORebDiff","DRebDiff","AsstDiff","PFDiff","STLDiff","TODiff","BlkDiff","x3PMDiff","PtDiff","FGPDiff","FTPDiff","WL"
1979,"PHO","KCK",-1.4146341463415,0.353658536585399,1.9512195121951,-3.4390243902439,0.548780487804899,2.3170731707317,-0.14634146341464,0.524390243902439,3.09756097560999,0.015133183587483,0.030244931062449,"W"
1979,"SEA","POR",1.0365853658536,1.7317073170732,1.7682926829269,-1.109756097561,0.51219512195121,-0.6829268292683,-0.536585365853661,0.402439024390244,6.03658536585399,-0.005717657793196,0.025007925940016,"W"
1979,"HOU","SAS",2.9390243902439,-3.6341463414634,-2.1585365853659,-2.1463414634146,0.134146341463421,-0.292682926829297,0.48780487804878,0.634146341463415,-8.585365853659,-0.018197247199023,-0.034510813370049,"W"
1979,"PHI","WA1",-1.7926829268292,-1.0731707317073,0.304878048780502,-0.402439024390201,3.19512195121951,4,2.54878048780488,-0.560975609756097,2.14634146341399,0.033873916221961,0.013886389345948,"W"
1979,"LAL","PHO",0.170731707317099,2.3780487804878,1.5853658536586,-0.841463414634198,-1.6341463414634,0.121951219512198,2.46341463414634,-0.585365853658537,3.951219512195,0.03560982436236,0.00242301030147696,"W"
1979,"MIL","SEA",-1.6463414634146,-1.8780487804878,2.8536585365853,0.878048780487802,0.341463414634148,0,1,-0.109756097560975,1.560975609756,0.018090499312678,-0.00430655309782502,"L"
1979,"BOS","HOU",-2.0365853658537,2.9268292682926,0.597560975609799,0.5731707317073,0.329268292682919,-0.317073170731703,-0.79268292682927,0.70731707317073,2.67073170731699,0.00952123701116797,0.012563079601164,"W"
1979,"ATL","PHI",2.2195121951219,-2.7926829268293,-3.8170731707317,5.280487804878,-0.121951219512189,-2.5975609756097,-1.3780487804878,-0.170731707317073,-4.58536585365799,-0.028246972489646,-0.00118849237052299,"L"
1979,"LAL","SEA",-3.5975609756097,1.2560975609756,4.5121951219512,-0.987804878048799,0.292682926829269,1.7439024390244,1.4390243902439,-0.475609756097561,6.59756097560999,0.059249407774675,0.00746953923343396,"W"
1979,"BOS","PHI",0.487804878048701,-2.1707317073171,-0.341463414634102,1.390243902439,0.20731707317073,-2.0609756097561,-4.19512195121951,1.64634146341463,4.317073170732,-0.00267017284379201,0.00698628827757197,"L"
1979,"LAL","PHI",-1.2439024390244,0.219512195122,2.2804878048781,-0.9268292682927,-0.219512195121951,-0.841463414634102,-1.29268292682927,-0.085365853658537,5.963414634147,0.036730374850774,0.00363571868464496,"W"
1980,"POR","KCK",2.5121951219513,-0.756097560975597,-0.329268292682901,-0.707317073170703,0.609756097560979,0.8536585365853,1.15853658536586,-0.292682926829268,3.792682926829,-0.00302747899909001,0.00352178387394597,"L"
1980,"LAL","HOU",-0.6219512195122,1.7560975609756,3.2195121951219,0.658536585365798,1.25609756097561,1.2926829268293,1.96341463414634,-0.048780487804878,2.914634146341,0.024939788874613,-0.040859031094914,"L"
1980,"NYK","CHI",-1.0975609756097,-3.2926829268293,0.621951219512198,-1.719512195122,1.60975609756098,-2.5731707317073,-2.4390243902439,0.219512195121952,-1.073170731708,-0.01768166199476,-0.027207252345667,"L"
1980,"PHI","IND",-2.8536585365854,4.2804878048781,3.390243902439,0.670731707317099,0.292682926829201,2.5731707317073,1.30487804878049,-0.134146341463414,4.012195121951,0.03221802952684,0.0538714721846421,"W"
1980,"PHO","KCK",2.4024390243903,0.487804878048802,-0.804878048780502,-1.1707317073171,1.91463414634147,3.4756097560975,0.37804878048781,-0.170731707317073,3.048780487805,-0.009884568337931,0.030440735890519,"L"
1980,"SAS","HOU",1.0731707317073,2.8658536585366,-0.621951219512198,2.5975609756097,-0.24390243902439,1,3.08536585365854,-0.073170731707317,4.036585365853,0.00367507934312999,-0.000565169507014018,"L"
1980,"BOS","CHI",-0.8780487804878,-0.621951219512201,3.3780487804878,-0.829268292683,-0.56097560975609,-1.1585365853658,0.975609756097559,0.329268292682927,0.865853658535997,0.00364048964830699,-0.022689021792246,"W"
1980,"MIL","PHI",2.0731707317073,-2.5609756097561,-0.609756097561,1.6707317073171,0.0609756097560989,-1.4756097560976,-0.74390243902439,0.134146341463414,1.46341463414601,-0.015941242611845,0.00164706876696996,"L"
1980,"KCK","HOU",-2.1829268292683,1.2560975609756,2.0975609756097,2.3292682926829,0.170731707317071,-0.0365853658536004,-0.0609756097561007,0.341463414634146,-1.329268292683,0.012393993546743,-0.055265380598205,"L"
1980,"BOS","PHI",0.780487804878,-2.3658536585366,-2.0365853658536,-0.865853658536601,-2.12195121951217,-1.5243902439024,0.0365853658536599,0.560975609756097,-1.80487804878099,-0.00963033625925902,-0.016644395408834,"W"
1980,"HOU","BOS",0.743902439024399,-0.939024390243897,-1.2560975609756,-1.0853658536585,0.26829268292683,-1.5365853658537,-2.48780487804878,-0.536585365853658,-1.585365853658,-0.017320680265172,0.0178866058762089,"L"
1981,"DEN","PHO",0.3170731707317,-0.902439024390201,0.597560975609699,1.2439024390244,-1.08536585365853,-0.707317073170699,-0.74390243902439,-0.170731707317074,20.317073170732,0.028537182898238,0.0381747091092669,"L"
1981,"SEA","HOU",-3.6585365853659,3.170731707317,1.5365853658536,2.2682926829268,0.52439024390244,0.365853658536601,0.37804878048781,-0.146341463414635,1.402439024391,0.012598417631574,0.010638670332702,"W"
1981,"NJN","WA1",1.7926829268293,-3.2073170731707,1.3780487804878,2.719512195122,3.35365853658535,3.1707317073171,1.02439024390244,-0.353658536585366,3.182926829268,0.010103017701477,-0.044324210874702,"L"
1981,"PHI","ATL",-1.2682926829268,0.256097560975601,5.4756097560976,-1.0365853658537,3.02439024390244,1.5975609756098,1.67073170731708,0.158536585365854,10.219512195122,0.044766460955161,-0.020843544648717,"W"
1981,"LAL","PHO",1.6463414634146,-0.146341463414601,1.6219512195122,-0.365853658536601,1.15853658536581,-0.731707317073198,1.07317073170732,-0.5,8.475609756097,0.0253611266523749,-0.0411994395527241,"W"
1981,"SAS","SEA",1.8292682926829,-0.085365853658498,1.8780487804878,1.9512195121952,-1.10975609756097,-0.707317073170801,1.15853658536585,0.317073170731708,5.81707317073099,-0.00254951340181303,0.036389696243339,"W"
1981,"BOS","WA1",2.5121951219512,-1.1463414634146,1.7439024390244,-0.707317073170699,0.10975609756097,0.756097560975601,2.08536585365853,-0.121951219512195,8.475609756097,0.02430613044918,-0.0329268162997379,"W"
1981,"MIL","PHI",1.6585365853659,0.3170731707317,-0.378048780487799,1.1951219512195,-1.13414634146341,1.4024390243902,-2.03658536585366,0.097560975609756,-2.79268292683,-0.013294139458217,0.00561758997761697,"L"
1981,"LAL","SAS",0.0609756097561007,-0.390243902439,1.2073170731708,-2.6585365853659,3.02439024390239,2.1341463414634,-0.46341463414634,-0.621951219512195,1.560975609756,0.03092959073839,-0.059219351814877,"W"
1981,"BOS","PHI",2.7073170731707,1.219512195122,-1.6829268292683,-2.0609756097561,-2.48780487804878,-0.268292682926901,-0.65853658536586,0.097560975609756,0.743902439023998,-0.01986078800303,-0.00754622567653795,"L"
1981,"LAL","PHI",2.7682926829268,1.4146341463415,1.1219512195122,-2.2439024390244,-0.0975609756097988,-0.0731707317073997,-1.28048780487805,-0.341463414634146,3.426829268292,-0.00181962233204802,-0.030268186390169,"W"
1982,"SEA","POR",-0.3414634146341,2.3048780487805,3.0243902439024,0.109756097561,-0.878048780487811,0.4634146341463,0.64634146341464,-0.073170731707317,2.573170731708,0.00875527002114301,-0.00807721149138896,"L"
1982,"PHO","DEN",-1.4634146341464,-0.0731707317073003,-0.439024390243897,-0.353658536585399,-0.48780487804877,0.597560975609699,1.74390243902439,0.195121951219512,-16.207317073171,0.00271036603800101,-0.065429487605277,"L"
1982,"NJN","NYK",2.2682926829268,2,1.3292682926829,-0.170731707317003,2.56097560975612,4.4390243902439,2.60975609756097,-0.036585365853659,5.7804878048784,0.00992432892485701,-0.00543089713309097,"L"
1982,"BOS","ATL",1.6341463414634,1.2073170731707,3.3048780487804,0.487804878048699,2.63414634146341,1.4268292682927,-1.75609756097561,-0.073170731707317,10.439024390244,0.022644956055033,-0.014505425866133,"W"
1982,"LAL","POR",0.670731707317101,0.6463414634147,5.9634146341464,-0.3536585365853,1.15853658536588,1.0853658536585,1.15853658536586,-0.304878048780488,7.62195121951299,0.042147200451578,-0.00236481824710599,"W"
1982,"SAS","DEN",0.219512195121901,0.914634146341502,-0.914634146341498,0.0487804878049012,-1.39024390243902,0.0975609756096993,1.42682926829268,0.853658536585362,-8.90243902439001,0.00974173202167899,-0.043647711478437,"W"
1982,"PHI","NYK",3.0975609756097,4.0609756097561,-0.219512195121997,-1.6951219512195,1.35365853658536,1.4390243902439,2.42682926829268,-0.097560975609756,12.1097560975614,0.017495743513987,0.031544987019,"W"
1982,"MIL","BOS",-2.170731707317,-0.670731707317099,-1.2195121951219,0.841463414634198,-1.54878048780487,-1.1463414634147,0.13414634146341,-0.024390243902439,-5.5,-0.00300413775993003,0.0161387848801751,"W"
1982,"LAL","SAS",0.0365853658536999,-2.0243902439024,3.1463414634147,-2,2.06097560975613,0.975609756097601,0.121951219512201,-1.02439024390244,0.707317073170998,0.0240105567694781,-0.028496114120915,"W"
1982,"PHI","MIL",2.9146341463414,1.4512195121952,-1.219512195122,-1.0975609756098,1.82926829268292,2.1951219512195,0.54878048780488,-0.146341463414634,5.5,0.010453627336839,-0.0110492667033251,"W"
1982,"LAL","PHI",-1.2073170731707,-1.9878048780488,6.1341463414635,-1.3414634146341,0.39024390243906,-0.524390243902399,-1.19512195121951,-0.182926829268293,2.951219512195,0.028520977639327,-0.005796196687197,"L"
1983,"BOS","WA1",1.609756097561,1.8414634146341,-0.853658536585403,-0.487804878048802,1.42682926829268,-0.341463414634202,1.34146341463415,-0.195121951219512,9.40243902439001,0.015646156473771,0.036252547516359,"W"
1983,"DET","NYK",4.1341463414634,2.4878048780488,2.6219512195122,-1.2682926829268,-1.29268292682927,-3.3780487804878,0.695121951219519,-0.182926829268293,10.231707317073,-0.015094746422336,0.000527454375665037,"L"
1983,"PHI","NJN",-0.4878048780488,0.841463414634202,-1.4146341463415,-2.4756097560976,-0.08536585365853,0.243902439024399,1.8780487804878,-0.24390243902439,-2.207317073171,-0.00268964453985304,0.054089043521245,"L"
1983,"MIL","ATL",0.280487804878,1.8658536585365,3.4878048780488,0.9268292682927,0.19512195121952,1.0487804878049,-0.84146341463415,0.439024390243902,4.20731707317,0.018023828281962,-0.020950079506475,"W"
1983,"LAL","KCK",-0.597560975609701,2.7560975609756,2.7560975609756,-1.780487804878,0.134146341463419,0.902439024390301,1.15853658536586,0.073170731707317,5.548780487805,0.045279152954643,-0.023633181856671,"W"
1983,"DAL","SEA",0.317073170731701,-0.8170731707317,-0.841463414634202,0.268292682926798,-0.695121951219511,-0.695121951219502,0.12195121951219,0.182926829268293,2.28048780487799,0.011575532332056,-0.02478117972669,"W"
1983,"POR","PHO",2.2560975609756,-1.2682926829268,-1.609756097561,-0.158536585365901,1.47560975609756,0.390243902439,0.109756097560981,-0.597560975609756,2.14634146341399,-0.00406347570869503,-0.00518741736849604,"L"
1983,"UTA","DEN",-0.451219512195099,0.951219512195102,-3.0731707317073,-3.6707317073171,-0.195121951219511,2.0243902439025,3.07317073170732,0.292682926829268,-8.768292682926,0.00500628873639097,-0.036824663807636,"W"
1983,"BOS","NYK",0.865853658536599,3.7560975609756,0.987804878048799,-4.0487804878049,-1.58536585365854,-2.0365853658537,0.853658536585369,0.097560975609756,5.25609756097499,0.00454622137624799,0.017770546397707,"W"
1983,"MIL","NJN",-1.0487804878049,0.878048780487802,-0.426829268292703,-0.9268292682927,-2.09756097560975,-2.3536585365854,-0.1219512195122,0.121951219512195,-4.30487804878101,-0.00553733217944302,0.040281029485285,"W"
1983,"LAL","DAL",0.0609756097560989,2.8536585365854,3.5487804878049,1.8048780487805,1.79268292682927,3.3536585365854,1.43902439024391,0.195121951219512,5.19512195122,0.031517098396206,-0.00137249026071395,"W"
1983,"UTA","PHO",0.365853658536601,2.7317073170732,0.195121951219502,-2.0609756097561,0.0243902439024399,0.719512195121997,2.63414634146342,0.329268292682926,3.98780487804899,-0.011351029428977,0.021944792200029,"L"
1983,"BOS","MIL",0.292682926829299,1.8658536585366,0.109756097561,-2.6585365853659,0.378048780487799,0.0609756097560989,-0.719512195121951,-0.048780487804878,6.439024390244,0.00739669171560597,0.051830737240115,"W"
1983,"LAL","PHO",0.353658536585399,2.4512195121952,2.9390243902439,-1.1341463414634,0.402439024390249,1.5487804878049,1.09756097560976,-0.195121951219512,4.59756097560999,0.0223064285032,-0.00555328340277594,"W"
1983,"BOS","LAL",0.780487804878,0.475609756097498,-4.0609756097561,-1.2804878048781,-0.64634146341464,-1.9268292682927,-0.585365853658541,-0.036585365853659,-3.463414634147,-0.031793532397589,0.038751411669017,"W"
1984,"LAL","PHO",0.451219512195101,1.5243902439025,2.9268292682926,-1.2560975609756,-0.390243902439019,-0.560975609756099,1.60975609756098,0.0365853658536599,10.219512195122,0.053901411616436,-0.00806923222033595,"W"
1984,"DAL","POR",-1.3048780487805,0.5731707317074,-0.890243902439,-1.9634146341464,-2.99999999999998,-3.6219512195122,-2.20731707317073,1.23170731707317,-4.30487804878099,-0.013836854764438,0.042803384516694,"L"
1984,"HOU","UTA",2.9756097560976,-1.9390243902439,1.1707317073171,0.878048780487802,-0.35365853658536,0.365853658536601,-1.21951219512195,-0.75609756097561,2.207317073171,0.0274555800001769,-0.0723213127312939,"L"
1984,"DEN","SAS",2.4878048780488,-2.0365853658537,-0.609756097561,-0.341463414634102,1.67073170731703,-1.9512195121951,-0.23170731707317,0.219512195121951,5.23170731707299,-0.027510607356643,0.0223084948218271,"W"
1984,"BOS","CLE",-1.0609756097561,2.2560975609756,2.3292682926829,-4.780487804878,0.28048780487805,-0.670731707317099,-0.707317073170731,0.17073170731708,6.20731707317101,0.036775049915371,0.0567436790651801,"W"
1984,"DET","NJN",2.0731707317073,2.5487804878048,1.6951219512195,0.792682926829301,-0.987804878048779,-0.170731707317,-0.21951219512195,-0.085365853658537,6.5,-0.00966463991343397,0.0591390199470599,"W"
1984,"PHI","WA1",3.5243902439025,-0.378048780487799,-1.0853658536585,1.2439024390244,1.31707317073171,3.5731707317073,1.71951219512195,-0.609756097560979,7.390243902439,0.01375270001497,0.0602428863431499,"W"
1984,"MIL","CHI",2.2195121951219,-0.158536585365898,2.0975609756097,2.0487804878049,0.8170731707317,-0.987804878048699,0.219512195121951,0.731707317073174,2.121951219512,-0.00860317853947201,-0.026864163048012,"W"
1984,"LAL","POR",-1.6951219512196,3.0731707317074,4.2682926829268,-0.3170731707317,-1.53658536585364,0.6829268292683,-0.42682926829268,0.475609756097565,2.768292682926,0.041955023608086,0.01188863488838,"W"
1984,"DEN","UTA",3.0487804878049,-3.0609756097561,1.5,2.3292682926829,2.21951219512191,-2.3536585365853,-3.32926829268293,-0.365853658536586,11.024390243902,0.009650012760825,0.0134772959399171,"W"
1984,"BOS","DET",-3.5,1.1707317073171,-0.1829268292683,-3.5975609756097,-0.56097560975609,-0.109756097561,0.20731707317073,0.792682926829272,-1.17073170731699,0.027926340621929,0.0180013774247211,"W"
1984,"MIL","PHI",-0.548780487804901,-0.134146341463399,2.0121951219512,3.2682926829268,-1.5609756097561,-2.3536585365853,-0.58536585365854,0.365853658536589,-2.085365853659,-0.00124019512613499,-0.045950163955948,"L"
1984,"LAL","DEN",-3.2682926829269,3.0121951219513,3.7682926829268,-2.6951219512195,-2.42682926829264,1.890243902439,0.69512195121952,0.207317073170736,-1.768292682927,0.05884499376265,-0.02250192610458,"W"
1984,"BOS","PHI",-2.2560975609756,3.2439024390244,3.5121951219512,-2.3170731707317,-2.09756097560975,-2.9634146341463,-1.46341463414634,0.621951219512199,1.84146341463401,0.015566439656048,0.0029120078375221,"W"
1984,"LAL","BOS",-0.6463414634147,-0.975609756097501,3.5121951219512,1.8292682926829,0.60975609756097,2.5,0.81707317073171,-0.24390243902439,3.46341463414599,0.036816519260646,-0.043697069694385,"W"
1985,"LAL","SAS",0.390243902439,1.7317073170732,2.109756097561,-1.0243902439025,-1.30487804878049,-1.9146341463415,0.353658536585369,1.12195121951219,6.07317073170701,0.015936225957675,0.0320789398759409,"W"
1985,"DAL","UTA",-0.109756097560901,-0.304878048780502,-1.109756097561,-3.719512195122,-1.36585365853659,-2.7926829268292,-3.62195121951219,1.29268292682927,7.09756097561001,0.0130461255394649,0.059226919534477,"W"
1985,"DEN","POR",0.853658536585399,0.0121951219512013,-0.487804878048703,-0.5,-0.402439024390299,-2.3536585365853,0.79268292682926,-0.036585365853659,-0.317073170730993,-0.024916251371081,0.033153840420775,"W"
1985,"HOU","SAC",2.2073170731708,0.695121951219502,0.170731707317,-1.7439024390244,1.74390243902439,-1.9390243902439,1.98780487804878,0.670731707317075,5.548780487805,-3.24999972989293e-07,-0.047924575780942,"W"
1985,"BOS","CHI",-2.7560975609756,5.7926829268293,4.6463414634147,-5,0.39024390243903,-0.9268292682927,1.35365853658537,0.60975609756097,4.84146341463399,0.027505087444088,0.02493150285025,"W"
1985,"ATL","DET",-0.329268292682901,-0.6829268292683,-3.5853658536585,0.841463414634099,-0.0243902439024399,1.7073170731707,1.14634146341464,-0.268292682926829,-5.57317073170699,0.006009830242451,-0.050729997427322,"W"
1985,"PHI","WA1",3.1707317073171,-0.658536585365901,3.2804878048781,0.0243902439024986,2.87804878048779,3.0365853658536,-2.75609756097561,-0.792682926829265,7.42682926829301,0.023475288214701,0.01260029329074,"W"
1985,"MIL","NJN",0.0731707317073003,-0.768292682926798,0.365853658536601,0.987804878048799,0.68292682926829,-2.5121951219512,1.40243902439025,1,5.378048780488,0.00665203181319296,0.00836547893286299,"W"
1985,"LAL","DAL",0.5121951219512,1.2317073170732,3.9634146341464,3.6341463414634,1.07317073170732,2.170731707317,0.60975609756098,-0.0365853658536601,2.012195121951,0.0215784997451101,0.00238256648840396,"W"
1985,"HOU","DEN",1.1341463414634,1.4268292682927,2.170731707317,-2.109756097561,-0.98780487804876,0.4634146341463,1.58536585365854,0.170731707317075,-0.378048780488001,0.019132612231662,-0.0687640463195239,"W"
1985,"BOS","ATL",-2.3780487804878,4.2439024390244,4.4146341463415,-5.0487804878048,-1.15853658536585,-1.5,0.939024390243899,1.28048780487805,5.52439024390199,0.018082285237184,0.0621604476826211,"W"
1985,"MIL","PHI",-1.6707317073171,0.512195121951201,1.7195121951219,5.0243902439024,-0.695121951219489,-2.7560975609756,-0.36585365853658,0.902439024390245,4.13414634146299,0.005931079556181,0.00578407101100098,"W"
1985,"LAL","HOU",-2.6219512195122,1.4756097560976,1.4024390243903,0.487804878048799,-0.634146341463421,1.1341463414634,-1.60975609756097,0.64634146341463,2.914634146341,0.032102543820317,0.0483532100170999,"L"
1985,"BOS","MIL",-1.6463414634146,4.0609756097561,2.7926829268293,-5.5365853658536,-2,-0.109756097561,0.62195121951219,0.15853658536585,-0.378048780488001,0.015866353156702,0.0302479574587501,"W"
1985,"HOU","BOS",3.1951219512195,-3.890243902439,-0.841463414634202,2.8658536585365,1.26829268292683,0.170731707317099,0.48780487804878,-0.64634146341463,0.243902439025007,-0.018451836422777,-0.064376039909116,"L"
1986,"LAL","DEN",-2.0365853658536,1.7926829268293,1.3536585365854,-4.0365853658536,-0.317073170731701,1.7317073170732,0.74390243902439,0.70731707317073,1.060975609756,0.045333915921701,0.019938610958402,"W"
1986,"UTA","GSW",0.0121951219512013,1.280487804878,1.9146341463415,-1.1951219512195,1.46341463414635,0.597560975609799,3.74390243902439,0.28048780487805,-4.19512195122,-0.015287060484038,-0.053643861894066,"L"
1986,"POR","HOU",-0.1219512195122,-0.829268292682901,1.6097560975609,1.3292682926829,1.37804878048781,1.9756097560976,-2.04878048780488,0.10975609756097,11,0.026376443189972,0.033530420103721,"L"
1986,"DAL","SEA",-1.8780487804878,1.2073170731708,-2.0365853658536,-4.2804878048781,-0.20731707317074,-3.7073170731707,-0.31707317073171,0.48780487804878,2.95121951219501,0.00523707281441599,0.03289600734789,"L"
1986,"BOS","CHI",-3.8414634146342,2.2560975609756,3.390243902439,-2.5853658536585,-1.41463414634146,0.5243902439025,1.07317073170731,1.57317073170732,7.817073170732,0.044271500610358,0.030002501616571,"W"
1986,"MIL","PHI",-0.719512195122,-0.0609756097560989,1.2317073170732,4.9512195121951,0.939024390243921,-3.1585365853658,-1.79268292682927,1.18292682926829,3.939024390244,-0.016286629276765,0.013030352136714,"W"
1986,"DET","WA1",-0.7317073170732,4.0731707317073,3.3048780487805,3.6951219512195,-1.36585365853658,1.4146341463414,-3.03658536585366,-0.048780487804878,5.21951219512201,0.03600823423872,0.000660677696487033,"W"
1986,"ATL","IND",2.6585365853658,0.170731707317099,-1.1341463414634,0.670731707317099,0.0365853658536608,0.0365853658536999,2.4390243902439,0.5,3.97560975609801,0.00942484805743599,-0.022829503478302,"W"
1986,"LAL","GSW",-0.8048780487805,2,4.2073170731708,-3.4756097560975,0.158536585365859,0.0487804878048976,1.96341463414634,0.58536585365854,5.707317073171,0.037130115974059,0.00913045503236898,"W"
1986,"HOU","SEA",-2.2317073170732,1.0487804878049,0.524390243902502,-3.0609756097561,-0.6219512195122,-1.5243902439024,1.28048780487805,-1.24390243902439,-6.829268292683,-0.00507586866712101,-0.016280561976182,"L"
1986,"BOS","MIL",-2.2682926829268,3.2073170731707,4.5975609756097,-5.7317073170731,-3.46341463414635,0.487804878048799,1.62195121951219,0.26829268292683,2.256097560976,0.04221573422124,0.0419918232462591,"W"
1986,"ATL","DET",1.280487804878,-2.0853658536585,0.6829268292683,0.902439024390301,0.695121951219511,-1.6829268292682,0.914634146341459,1.17073170731707,-1.146341463415,-0.00868061263152503,-0.00644331348620097,"L"
1986,"LAL","SEA",-3,1.4634146341464,2.9756097560976,-4.5243902439024,0.280487804878049,-1.8414634146341,0.39024390243902,-0.32926829268293,4.03658536585401,0.034000929375347,0.0313377719816049,"W"
1986,"BOS","DET",-3.8048780487805,-0.780487804878103,4.8780487804878,-4.4878048780487,-1,-1.4268292682926,1.09756097560975,2.04878048780488,1.451219512195,0.02724227149648,0.04299400975276,"W"
1986,"LAL","BOS",2.3658536585366,-0.8536585365853,0.0853658536586011,1.7439024390244,2.03658536585366,0.707317073170699,-0.53658536585366,-0.52439024390244,5.109756097561,-0.000729869209825984,-0.01915503219402,"W"
1987,"LAL","SAS",-1.3536585365854,1.9024390243902,0.0365853658536999,-3.3658536585365,-0.81707317073171,-1.219512195122,-0.780487804878049,0.10975609756097,-0.780487804879002,0.014950973786284,0.055293425346387,"W"
1987,"POR","UTA",2.2560975609756,-0.756097560975601,-1.219512195122,1.280487804878,-0.548780487804871,-1.5853658536585,-3.41463414634146,-0.14634146341464,7.54878048780499,-0.000507084975858996,0.0201308937775561,"L"
1987,"DAL","HOU",1.2439024390244,-0.4268292682927,0.585365853658502,-1.5975609756098,-0.8170731707317,-1.3414634146342,-0.6829268292683,1.03658536585365,0.304878048780992,0.00344890288517102,0.00914264809469301,"W"
1987,"DEN","SEA",-1.8292682926829,1.560975609756,1.8780487804878,-4.8536585365853,0.69512195121948,-2.3170731707317,-0.5609756097561,-0.35365853658536,5.34146341463399,-0.00259349104528001,0.056533597818001,"W"
1987,"BOS","NYK",-4.3414634146342,3,5.3170731707317,-6.7926829268293,-2.06097560975609,-2.609756097561,-0.36585365853658,1.1219512195122,8.04878048780499,0.056199916855171,0.0437188430936309,"W"
1987,"ATL","MIL",1.3536585365854,0.5365853658536,-1.609756097561,0.743902439024399,-0.4390243902439,-0.609756097561,1.91463414634147,-0.58536585365854,1.792682926829,0.009302127508236,-0.00764921868447299,"W"
1987,"CHI","CLE",1.890243902439,2.0731707317073,0.9634146341463,0.158536585365901,-0.25609756097561,-2.1463414634147,-0.62195121951219,-0.865853658536587,0.524390243902999,-0.000929065505712978,0.0150249372183411,"W"
1987,"DET","WA1",-0.585365853658601,2.2560975609756,1.6585365853658,0.4268292682927,-1.34146341463415,-0.439024390243897,-1.31707317073171,0.353658536585366,3.707317073171,0.02484665339299,-0.016129730558847,"W"
1987,"LAL","UTA",0.0853658536584998,-0.756097560975601,-0.731707317073198,-3.3048780487805,-1.20731707317073,-1.9878048780488,-2.71951219512195,0.15853658536585,4.28048780487799,0.013969710168556,0.0391256507970591,"W"
1987,"DEN","DAL",-2.1707317073171,-0.6463414634147,3.8536585365854,3.0243902439025,2.28048780487801,-0.865853658536599,-0.54878048780488,0.46341463414635,7.475609756097,-0.00106245592933701,0.0154367240518051,"L"
1987,"BOS","ATL",-3.6341463414635,0.743902439024399,4.7073170731708,-3,-0.18292682926829,0.9634146341463,-1.48780487804878,2.26829268292683,5.74390243902499,0.036423493723709,0.03530021552108,"W"
1987,"DET","CHI",0.134146341463399,0.280487804878,-1.6829268292683,1.3170731707317,-1.51219512195122,1.0365853658537,-0.98780487804878,0.024390243902439,4.243902439024,0.00363799268229298,-0.00177599594018607,"W"
1987,"LAL","DAL",-3.2682926829269,-0.0487804878049012,4.4268292682927,-0.231707317073102,0.32926829268292,0.743902439024401,-0.51219512195122,-0.14634146341463,3.536585365853,0.0306064112903049,-0.000134944094588918,"W"
1987,"BOS","DET",-3.0609756097561,-0.512195121951198,5.329268292683,-1.8658536585366,0.39024390243903,-0.536585365853702,0.25609756097561,2.59756097560976,4.36585365853699,0.0280560652044221,0.045717424595512,"L"
1987,"LAL","DET",-1.3170731707317,0.109756097561,4.0975609756098,-2.9512195121951,1.02439024390244,-0.365853658536601,0.12195121951219,1.02439024390244,3.57317073170699,0.012067020814599,0.0318184063626931,"W"
1988,"LAL","POR",-3.5365853658537,2.8170731707317,0.8536585365853,-4.3170731707317,-1.26829268292687,-1.109756097561,0.40243902439024,0.13414634146342,0.134146341464003,0.027728156148872,0.0613539983311681,"W"
1988,"SEA","HOU",2.2682926829269,-3.8536585365853,0.8170731707317,0.0121951219513008,0.914634146341509,-2.0243902439024,-0.0853658536585398,1.57317073170732,3.646341463415,0.00244571402406102,-0.00932942298002892,"W"
1988,"PHO","DEN",-1.3536585365853,1.2926829268293,-0.0243902439024026,-1.890243902439,-1.4390243902439,0.658536585365901,-0.24390243902439,-0.73170731707317,0.634146341462994,0.029120526635438,0.00372177266999307,"W"
1988,"UTA","GSW",-3.3292682926829,0.560975609756099,1.2073170731707,-0.634146341463403,-1.35365853658535,0.5365853658537,-0.73170731707317,-0.97560975609757,-11.829268292683,0.014892398663595,-0.029146412504467,"L"
1988,"DET","BOS",-0.3048780487805,1.2682926829269,-1.9756097560975,0.768292682926802,-1.42682926829268,0,-0.14634146341464,0.512195121951218,-2.658536585365,0.000740892290746031,-0.0140812784490949,"W"
1988,"ATL","MIL",2.9146341463415,0.5365853658537,-0.987804878048802,-0.890243902439,-0.0487804878048603,0.0609756097560989,1.84146341463415,-0.84146341463414,2.07317073170699,-0.00233446635020895,-0.020443562971827,"L"
1988,"CLE","CHI",0.1829268292683,0.268292682926802,0.5731707317073,-3.2073170731707,0.841463414634141,-0.0487804878049012,2.56097560975609,-0.0487804878048803,2.402439024391,0.00719428528096699,-0.039401078367444,"L"
1988,"NYK","PHI",2.1829268292683,-1.109756097561,-0.329268292683,4.0487804878049,2.57317073170736,4.3658536585366,1.12195121951219,2.21951219512195,4.792682926829,0.000226267498030008,-0.034839269847871,"W"
1988,"LAL","SEA",-3.6951219512196,4.5609756097561,2.4268292682927,-4.329268292683,-1.70731707317077,-0.719512195122,-0.89024390243903,-0.80487804878049,2.560975609756,0.025151944139507,0.055722319095917,"W"
1988,"PHO","GSW",-2.780487804878,0.707317073170699,3.3048780487805,-0.158536585365901,-1.68292682926828,-2.5487804878048,-2.76829268292683,-0.31707317073171,2.060975609756,0.029953711353541,-0.00798693940068196,"W"
1988,"DET","MIL",0.256097560975601,3.3414634146342,-0.5365853658536,-0.170731707317099,-3.64634146341461,0.3780487804878,1.01219512195122,-0.71951219512195,-2.34146341463401,0.019274025186062,-0.051508105664277,"W"
1988,"NYK","CHI",3.7073170731707,-2.2926829268293,-1.5853658536586,2.4146341463415,2.17073170731711,2.9878048780488,0.85365853658536,2.58536585365853,10.256097560976,-0.00856365213138699,-0.034422842115149,"L"
1988,"LAL","PHO",-0.012195121951299,-0.0853658536585016,0.0243902439024026,-3.1829268292683,0.378048780487809,0.792682926829199,0.0609756097560901,0.71951219512195,-3.914634146341,0.00420191993774399,0.011163352061376,"W"
1988,"DET","CHI",1.6585365853658,1.1341463414634,-2.2682926829268,1.0243902439024,-2.4390243902439,0.109756097561,0.36585365853658,-0.65853658536586,0.170731707317998,-0.00130248819640899,-0.0170940170940169,"W"
1988,"LAL","DET",-0.7317073170732,0.804878048780498,3.1097560975609,-3.2560975609756,2.46341463414634,0.0975609756096993,0.18292682926829,1.30487804878049,8.121951219512,0.00821892851283801,0.03260336155073,"L"
1989,"DET","IND",2.9878048780488,0.853658536585399,-0.329268292683,-0.134146341463403,-0.48780487804878,-1.3292682926829,0.829268292682929,-1.42682926829269,-4.951219512195,-0.019187415785958,-0.055616896330076,"W"
1989,"BOS","NYK",-1.4756097560976,3.4268292682927,3.4512195121951,-1.3536585365854,-2.13414634146341,-1.9024390243903,-0.45121951219512,-1.58536585365853,1.75609756097599,0.014048637978257,0.076221819248123,"L"
1989,"CHI","MIL",-0.402439024390199,0.402439024390301,1.5365853658537,-2.1951219512195,-0.14634146341462,-0.829268292683,0.75609756097561,0.5,3.48780487804899,0.025033504299011,0.0204482938682869,"W"
1989,"PHI","CLE",-0.207317073170701,0.3170731707317,-2.1219512195122,0.378048780487802,0.512195121951219,-0.4146341463415,-1.79268292682927,-1.91463414634146,7.65853658536601,0.02838738210409,0.043811927221023,"W"
1989,"LAL","HOU",-1.4634146341463,-2.1707317073171,0.4634146341464,-2.4024390243902,-1.8780487804878,-3.5,-1.29268292682927,1.90243902439024,3.98780487804899,0.00945781887943398,0.066590696432544,"W"
1989,"UTA","PHO",-1.2195121951219,-1.8292682926829,1.2560975609756,2.5121951219512,0.109756097560979,1.6463414634146,-0.1219512195122,0.60975609756098,-8.085365853658,0.008653075512285,-0.040490657142383,"L"
1989,"POR","DAL",3.8170731707317,1.6219512195122,3.7682926829268,3.8414634146342,1.03658536585366,1.5609756097561,-0.41463414634147,0.40243902439025,11.963414634147,-0.00188599983508497,-0.024491982139177,"W"
1989,"SAS","DEN",-0.0731707317073003,-0.707317073170699,-2.9024390243903,-2.3536585365853,-0.18292682926829,3.2073170731707,2.74390243902439,-2.1219512195122,-8.28048780487799,0.02057682505585,-0.044413557760638,"W"
1989,"DET","NYK",-0.0243902439024986,0.390243902439099,-1.7560975609757,1.6219512195122,-2.46341463414634,-2.1829268292683,-0.90243902439024,-0.71951219512195,-3.939024390244,-0.00690530670019901,0.00501649543624993,"W"
1989,"PHI","CHI",0.439024390243899,1.5487804878048,-2.9268292682927,-2.5487804878049,-1.54878048780487,-0.4634146341463,-0.280487804878049,-0.74390243902439,0.756097560975007,-0.00898156316904497,0.00952738366180805,"L"
1989,"LAL","PHO",0.5365853658537,-2.3292682926829,1.5,-1.0731707317073,-0.158536585365851,-0.597560975609799,-0.6829268292683,1.6219512195122,-4.19512195121901,-0.00655645917554404,-0.007993057277763,"L"
1989,"SAS","POR",-2.3414634146341,-0.951219512195102,-0.585365853658601,-2.3658536585366,0.60975609756097,0.524390243902399,2.31707317073171,-1.65853658536586,-7.890243902439,0.010906868242895,0.00190558227247195,"L"
1989,"DET","CHI",1.3414634146341,2.1829268292683,-2.1463414634147,0.670731707317099,-3.68292682926829,-0.170731707317,0.36585365853659,-0.89024390243903,-5.13414634146399,-0.020518224546458,-0.017380189571886,"W"
1989,"POR","PHO",3.6829268292683,-1.2073170731707,-0.292682926829301,2.719512195122,0.98780487804879,0.9878048780488,-1.67073170731708,0.17073170731708,-0.707317073170003,-0.023127421893818,-0.052051405257312,"W"
1989,"DET","POR",-2.0731707317073,-1.1463414634146,-1.0853658536586,-1.0609756097561,-2.89024390243903,-1.5,0.65853658536586,-0.15853658536586,-9.86585365853699,0.00420651405917399,0.0177896003357499,"W"
1990,"CHI","NYK",1.1585365853659,-1.1463414634146,0.487804878048802,-0.158536585365802,2.24390243902435,-2.3780487804878,0.24390243902439,-0.36585365853659,6.939024390244,0.024852597633045,-0.010074096758899,"W"
1990,"MIL","PHI",1.1585365853659,-4.0731707317073,3.0609756097561,4.9268292682927,2.63414634146337,1.109756097561,-1.81707317073171,0.75609756097561,1.048780487805,0.00533624719161901,0.011909759824495,"L"
1990,"DET","ATL",-0.353658536585401,0.390243902439,-0.475609756097601,1.2317073170732,-2.95121951219512,-0.609756097561,-0.0853658536585398,-1.70731707317073,-9.731707317073,0.000924058248271964,-0.036977419932925,"W"
1990,"BOS","IND",0.8536585365853,3.9146341463414,-0.2560975609757,-4.7926829268292,0.170731707317071,-0.4268292682926,2.53658536585365,-1.70731707317073,-0.170731707317998,0.018918548664509,0.013425543720987,"W"
1990,"POR","SEA",-0.2439024390243,4.7317073170732,2.5853658536586,0.0243902439024026,-1.67073170731707,-1.1585365853659,0.36585365853659,2.5,8.085365853659,-0.00636838398836098,0.00299911710640399,"W"
1990,"PHO","UTA",3.2317073170732,1.5121951219512,-0.0975609756097988,0.658536585365898,0.426829268292689,-0.0365853658536999,1.02439024390244,-0.1219512195122,10.012195121951,0.00465609090277203,-0.019090228469304,"L"
1990,"LAL","HOU",-2.4024390243903,-0.829268292682901,2.2560975609756,-4.2682926829269,-1.8780487804878,-2.4268292682927,-0.30487804878049,-1.09756097560976,-0.439024390244001,0.016725582931069,0.056955691367456,"W"
1990,"SAS","GSW",0.219512195122,4.280487804878,2.2682926829269,-3.7926829268293,-1.6219512195122,1.0487804878049,2.35365853658536,-2.30487804878049,-9.536585365853,0.00240204085226497,-0.017291181313417,"L"
1990,"CHI","PHI",2,-1.8780487804878,4.7317073170732,1.4878048780488,1.75609756097557,-0.560975609756101,-0.5,-0.48780487804878,4.670731707317,0.034808537589461,-0.0292150002823039,"W"
1990,"BOS","DET",-1.4390243902439,2.9878048780488,4.0853658536585,-2.1219512195122,2.25609756097561,1.6951219512196,2.41463414634146,-0.26829268292683,11.463414634146,0.047616684729188,0.061685472577931,"L"
1990,"POR","UTA",4.0853658536586,1.0609756097561,0.451219512195099,2.1829268292683,0.878048780487809,0.0487804878047999,-0.5,2.35365853658536,10.731707317073,-0.00625098178571798,-0.035890388426021,"W"
1990,"LAL","GSW",-0.4268292682927,1.6341463414634,1.6707317073171,-8.329268292683,-1.96341463414634,-1.9024390243902,0.07317073170731,-0.53658536585366,-10.329268292683,-0.00171264669072602,0.015269708028086,"W"
1990,"CHI","DET",-0.707317073170699,-1.3414634146341,4.719512195122,-1.4390243902439,4.0853658536585,0.0365853658536999,0.86585365853659,0.29268292682926,9.987804878049,0.045172567783094,-0.00224770810261199,"W"
1990,"POR","LAL",1.5121951219513,1.4756097560976,1.9878048780488,5.5,0.999999999999999,1.2926829268292,0.31707317073171,1.40243902439024,8.414634146342,0.00169025725546501,-0.044970233956466,"L"
1990,"CHI","LAL",0.853658536585399,-1.1951219512195,1.4756097560976,2.7682926829269,2.19512195121947,-0.231707317073202,0.65853658536586,-0.86585365853659,3.74390243902501,0.026032782723702,-0.038016153879837,"W"
1991,"CHI","MIA",-0.170731707317099,0.890243902439,6.4634146341464,-1.5365853658537,0.0243902439024399,-3.5243902439025,1.30487804878049,-1.45121951219512,4.914634146341,0.0471065401690869,-0.0452377921903211,"W"
1991,"NYK","DET",-0.3048780487805,0.829268292683,2.8170731707317,3.1585365853659,1.07317073170732,0.365853658536601,0.30487804878048,0.4390243902439,2.6219512195121,0.012066374777227,-0.00935569996193797,"W"
1991,"CLE","NJN",-5.7439024390244,0.707317073170699,3.9390243902439,-3.390243902439,-1.46341463414634,-3.8902439024391,0.0731707317073198,0.35365853658537,3.475609756097,0.029649761969596,0.073018473090659,"W"
1991,"BOS","IND",0.1463414634147,0.231707317073202,-3.9756097560976,-5.5,-0.841463414634149,-2.8902439024391,1.10975609756097,-2.71951219512195,-5.512195121951,-0.001780725130135,0.0178472602866681,"W"
1991,"POR","LAL",1.6829268292682,4.3048780487805,3.1951219512195,5.3658536585366,-0.0365853658536608,2.9146341463415,0.1219512195122,2.51219512195122,11.048780487805,0.016583245774278,-0.011219249457378,"W"
1991,"PHO","SAS",-1.719512195122,0.0731707317073003,2.3414634146342,0.646341463414601,-0.68292682926829,-0.8048780487805,-0.3170731707317,1.32926829268293,8.170731707317,0.015868776780284,0.0408573197945931,"W"
1991,"GSW","SEA",-1.7682926829268,1.4512195121952,2.2804878048781,1.1829268292683,0.96341463414638,0.365853658536601,-0.89024390243902,0.59756097560976,12.134146341463,0.033017139363353,-0.0370605377508451,"L"
1991,"UTA","LAC",-0.4268292682927,1.8292682926829,1.6463414634146,-1.5487804878048,-1.32926829268295,-0.0609756097560989,-0.60975609756098,0.15853658536585,5.329268292683,0.019127809968653,0.067352270078966,"W"
1991,"CHI","NYK",-0.146341463414601,-0.609756097561,1.8170731707317,-2.5853658536586,0.463414634146341,-1.8780487804878,1.19512195121952,-0.76829268292683,8.329268292683,0.031478471725976,0.0108429316639149,"W"
1991,"BOS","CLE",0.6585365853659,1.6219512195122,-2.2926829268293,1.5853658536585,0.24390243902439,1.1219512195122,-1.67073170731708,-1.74390243902439,-2.20731707317,0.00452768343029603,0.00280983525470302,"L"
1991,"POR","PHO",2.5121951219512,-0.109756097561,-1.6707317073171,1.5975609756098,0.97560975609756,1.0487804878049,-2.09756097560976,1.19512195121951,-0.719512195121993,-0.019376913268863,-0.022022554583811,"W"
1991,"UTA","SEA",-2.2560975609756,3.4878048780488,3.7926829268293,-2.5121951219512,-0.73170731707317,-0.719512195121899,0,-0.57317073170732,1.707317073171,0.017948851233636,0.00451882652128599,"W"
1991,"CHI","CLE",1.609756097561,-0.134146341463399,0.231707317073202,1.670731707317,0.682926829268291,0.1829268292683,-1.71951219512195,-1.40243902439025,1.03658536585399,0.020401845291052,-0.0608520680671111,"W"
1991,"POR","UTA",2.4024390243902,0.0731707317073003,-1.5,2.890243902439,0.463414634146339,0.780487804878002,-0.46341463414634,2.03658536585366,3.146341463414,-0.019338640798979,-0.033185604782101,"W"
1991,"CHI","POR",-1.4756097560975,-1.3414634146341,2.609756097561,-3.5365853658537,-0.987804878048779,-2.9268292682927,0.85365853658537,-2.28048780487805,-1.51219512195101,0.035434508831416,-0.0099931138447521,"W"
1992,"NYK","IND",-0.853658536585399,2.5,-0.231707317073102,0.804878048780498,0.79268292682927,0.4878048780488,-0.3780487804878,-0.78048780487804,-6.19512195122,-0.014855353745124,-0.0243713018017729,"W"
1992,"BOS","CHA",-0.2317073170732,-0.878048780487802,-1.9756097560976,0.878048780487799,0.09756097560975,-1.8414634146342,-0.182926829268291,-0.79268292682926,-6.439024390244,-0.00028325869911805,0.00592453814510696,"L"
1992,"CLE","NJN",-4.4146341463415,-0.121951219512198,5.8170731707317,-3.8048780487805,-0.95121951219512,-2.8658536585365,0.1219512195122,1.5609756097561,4.890243902439,0.035427839437915,0.0347428115690379,"W"
1992,"CHI","ATL",0,-0.743902439024403,0.597560975609703,-0.0365853658536999,-0.280487804878049,-2.8780487804878,1.60975609756098,-1.68292682926829,-2.30487804878101,0.015857310921932,-0.00891384216237001,"W"
1992,"PHO","LAL",0.4634146341464,2.7073170731708,0.902439024390198,-0.475609756097601,-0.36585365853659,1.1341463414634,0.292682926829269,2.57317073170732,9.170731707317,0.019478519402,-0.00258997828322605,"W"
1992,"POR","SAS",3.7439024390244,-0.4268292682927,-0.524390243902499,0.585365853658502,2.29268292682926,-0.146341463414601,-1.08536585365854,0.47560975609757,3,-0.031933202675525,-0.019507920769248,"L"
1992,"SEA","UTA",2.2073170731707,-2.5487804878049,-3.3048780487805,0.0731707317073997,2.41463414634144,-0.0365853658536999,0.79268292682927,1.07317073170731,2.13414634146301,-0.00216188408579598,-0.00415715255753002,"W"
1992,"HOU","LAC",-2.4146341463415,2.0975609756098,-1.5487804878048,-2.6951219512195,-2.01219512195119,-0.524390243902399,0.63414634146342,3.09756097560975,-3.07317073170701,0.00279977799887299,0.040393588472789,"W"
1992,"NYK","CHA",0.670731707317001,1.8536585365854,-0.439024390243901,3.9146341463415,0.5,-0.353658536585401,-1.23170731707317,0.21951219512196,-8.560975609756,-0.021893941800655,-0.029907693158323,"W"
1992,"CHI","CLE",4.4024390243903,-2.5975609756098,-2.6341463414634,2.7317073170732,2.04878048780488,-0.207317073170799,-1.53658536585366,-0.47560975609756,-2.524390243903,-0.015009823998327,-0.0686990364307319,"W"
1992,"PHO","SAS",2.7073170731708,-0.390243902439,0.914634146341399,-1.2804878048781,2.07317073170731,1.609756097561,-0.719512195121951,1.97560975609757,7.878048780488,0.00295030326169399,-0.011653499525056,"W"
1992,"HOU","SEA",-2.890243902439,3.390243902439,2.5487804878049,-3.3170731707317,-3.19512195121949,0.3414634146342,1.63414634146342,2.0609756097561,-4.30487804878001,-5.6321460969011e-05,-0.00350411220614599,"L"
1992,"NYK","CHI",-1.7073170731708,4.5975609756098,-0.0975609756097029,3.7439024390244,-1.25609756097561,2.3536585365854,-0.46341463414634,-0.62195121951219,-3.621951219512,-0.017096649120756,0.00827015912115303,"L"
1992,"PHO","SEA",-0.987804878048699,3.1219512195122,2.2073170731707,-2.829268292683,-2.34146341463413,1.1219512195122,0.5609756097561,2.19512195121952,5.04878048780499,0.00618377056165698,-0.00834646622036594,"W"
1992,"CHI","PHO",1.8170731707317,-2.7682926829269,0.560975609756103,0.792682926829301,0.378048780487809,-3.1219512195122,-0.54878048780488,-1.87804878048781,-8.207317073171,-0.01029438080159,-0.019958120532803,"W"
1993,"ATL","MIA",0.182926829268299,0.195121951219502,2.4390243902439,-4.8658536585366,3.31707317073175,-0.7682926829269,0.91463414634146,-0.84146341463415,-1.914634146341,-0.00231497352008603,-0.032834594848324,"W"
1993,"ORL","IND",0.5731707317074,-0.646341463414597,0.1829268292683,-3.1829268292683,-0.280487804878051,-1.3780487804878,-0.01219512195122,2.5609756097561,4.70731707317,-0.000635568259339969,-0.060415700131895,"L"
1993,"CHI","CLE",0.646341463414599,0.4634146341464,0.646341463414601,0.597560975609699,0.42682926829268,2.0731707317073,-0.878048780487799,-0.74390243902439,-3.2073170731707,0.010697212108582,-0.0655063999545611,"W"
1993,"NYK","NJN",-1.5243902439025,-0.170731707317099,2.0365853658536,3.7560975609756,0.682926829268292,2,-2.32926829268293,1.13414634146342,-4.69512195121919,0.014588103700945,-0.0156956736553691,"W"
1993,"SEA","DEN",0.524390243902401,-3.9512195121951,4.2560975609756,-0.1463414634147,4.56097560975605,-1.9512195121951,-3.91463414634146,0.8780487804878,5.682926829268,0.018279934851253,0.0274505311183439,"L"
1993,"SAS","UTA",1.5853658536585,2.5853658536586,-3.4512195121951,-3.9756097560976,-2.3170731707317,0.0853658536585993,1.04878048780488,0.85365853658537,-1.853658536586,-0.00141442168831402,0.00221838811591202,"L"
1993,"PHO","GSW",0.451219512195101,0.695121951219498,0.768292682926802,-1.8292682926829,-0.719512195121949,-1.5609756097561,-0.62195121951219,0.64634146341463,0.390243902438996,-0.007210506339624,0.063881306135014,"W"
1993,"HOU","POR",-4.5853658536585,1.9390243902439,0.207317073170699,-2.2073170731707,-0.329268292682929,1.5609756097561,0.92682926829268,1.91463414634146,-6.134146341464,0.02094101084808,-0.00065284067986604,"W"
1993,"ATL","IND",1.4634146341464,0.170731707317103,0.0121951219512013,-4.2560975609756,2.54878048780492,-2.2926829268293,-0.0975609756097597,1.02439024390244,0.463414634146005,-0.024747262271388,0.0135257605103331,"L"
1993,"NYK","CHI",0.390243902439,1.8414634146341,-0.4268292682927,3.0609756097561,0.146341463414631,0.658536585365802,0.378048780487799,1.01219512195122,0.524390243902502,-0.016170387061599,0.041147436987649,"W"
1993,"UTA","DEN",-0.560975609756099,-2.0975609756098,5.0731707317073,0.756097560975601,0.8780487804878,-2.8170731707317,-3.92682926829268,0.10975609756097,1.621951219512,0.011175767596421,0.022521662150086,"W"
1993,"HOU","PHO",-3.5853658536585,2.0243902439024,-2.1219512195122,0.0853658536585016,-0.34146341463415,0.402439024390199,0.304878048780481,1.03658536585366,-7.121951219512,-0.00949654748808704,0.015159584635686,"W"
1993,"NYK","IND",0.548780487804899,1.6219512195122,0.146341463414601,0.329268292682901,0.56097560975609,-0.975609756097597,-0.87804878048781,1.60975609756098,-2.48780487804919,-0.026049224728303,0.00766231169110898,"W"
1993,"HOU","UTA",-1.6219512195122,2.8536585365854,-1.1219512195122,-4.1707317073171,-0.414634146341459,1.7926829268293,1.47560975609756,3.04878048780488,-0.756097560976002,-0.00176836111541701,0.00244237686429694,"W"
1993,"HOU","NYK",-3.0365853658536,0.939024390243901,0.243902439024399,-4.3292682926829,-0.42682926829268,-0.268292682926802,1.21951219512195,1.3780487804878,2.63414634146319,0.014840334220166,-0.003158009443893,"W"
1994,"ORL","BOS",-0.0853658536586011,1.670731707317,6.0731707317073,-3.0365853658536,0.73170731707317,-0.0975609756098006,1.54878048780488,1.96341463414634,8.085365853659,0.037231029369852,-0.0845265820248909,"W"
1994,"CHA","CHI",-3.3414634146342,1.2317073170731,1.2439024390244,-3.3780487804878,-2.15853658536585,-0.890243902439,0.57317073170732,1.42682926829269,-0.926829268292011,-0.00165392793996499,0.050786984227114,"L"
1994,"NYK","CLE",-1.4146341463415,2.8780487804879,4.6707317073171,4.9756097560975,-0.47560975609756,1.5731707317074,0.463414634146339,1.63414634146341,7.7682926829269,0.026236402182602,-0.0261898238355229,"W"
1994,"IND","ATL",-0.646341463414601,0.219512195122,1.4634146341463,1.6463414634146,-0.42682926829268,1.4512195121951,-0.59756097560976,-2.01219512195122,2.6219512195122,0.0304267904651651,0.027645133298395,"W"
1994,"SAS","DEN",-0.134146341463401,3.1585365853658,1.0121951219512,-2.3414634146342,-0.0487804878048799,-1.6463414634146,-1.57317073170731,0.25609756097561,5.28048780487801,0.00443169305603702,0.000711727010825003,"W"
1994,"SEA","LAL",-0.707317073170799,0.256097560975601,0.451219512195202,1.6341463414634,2.03658536585367,0.634146341463401,-2.08536585365854,-0.41463414634146,5.35365853658601,0.027706786039944,0.023151717574495,"L"
1994,"UTA","HOU",-0.0731707317073003,-0.341463414634102,2.390243902439,4.0365853658537,0.45121951219512,-0.402439024390201,-1.48780487804878,-4.20731707317073,2.865853658536,0.0314307300969889,0.0320136713862209,"L"
1994,"PHO","POR",-3.9634146341464,-0.487804878048802,4.2926829268293,-2.2560975609756,0.231707317073178,-0.5487804878048,-1.89024390243902,1.48780487804879,7.585365853659,0.030760275654112,0.0582177938439951,"W"
1994,"ORL","CHI",0.524390243902399,1.9878048780487,3.7926829268293,-2.8780487804878,-1.52439024390244,0,1.65853658536585,0.97560975609756,9.341463414635,0.025963092342159,-0.0578324140877859,"W"
1994,"IND","NYK",1.4878048780488,-2.2317073170732,-2.1707317073171,-1.9878048780488,1.36585365853659,0.426829268292598,-0.292682926829269,-1.92682926829268,1,0.010588862317706,0.017311171191856,"W"
1994,"SAS","LAL",-1.1829268292683,4.2073170731707,-1.9390243902439,-0.756097560975601,-1.14634146341463,0.0365853658536004,-1.30487804878049,-1.10975609756097,1.53658536585401,0.020605747278926,0.003200231939677,"W"
1994,"PHO","HOU",1.7926829268292,-0.451219512195102,1.6829268292683,1.5243902439025,-0.414634146341461,-1.890243902439,-2.46341463414634,-0.756097560975601,7.09756097560999,0.00153528153144,0.006630692983422,"L"
1994,"ORL","IND",1.1951219512195,2.0365853658536,4.9268292682927,-2.5975609756097,-0.378048780487809,-0.524390243902399,1.52439024390244,1.8170731707317,11.646341463415,0.024089181215188,-0.082904597418249,"W"
1994,"SAS","HOU",1.8170731707317,2.6951219512195,-1.719512195122,1.9146341463415,-0.79268292682927,-0.926829268292702,-0.707317073170731,-2.58536585365853,3.060975609756,0.00375987301657399,-0.010657675922645,"L"
1994,"ORL","HOU",3.280487804878,0.207317073170699,2.6951219512195,0.1463414634147,-0.59756097560976,-0.304878048780502,-0.31707317073171,-1.5,7.317073170732,0.021357801017574,-0.080336680172737,"L"
1995,"CHI","MIA",3.0243902439024,-1.0243902439025,3.4268292682927,-4.280487804878,2.08536585365854,-2.6707317073171,-1.14634146341464,-0.0975609756097597,8.7317073170729,0.02064848937665,0.035902817136646,"W"
1995,"CLE","NYK",0.4634146341463,-4.8048780487805,-0.0487804878049012,-2.1829268292683,0.35365853658536,-2.4268292682927,-0.45121951219513,1.35365853658537,-6.07317073170729,-0.010222043094068,0.00595960615278202,"L"
1995,"IND","ATL",-2.0975609756098,1.390243902439,3.7560975609756,3.8658536585366,-2.34146341463414,1.3048780487804,0.0487804878048803,-2.47560975609756,1.0365853658537,0.032234730721359,-0.00240527036456806,"L"
1995,"ORL","DET",1,-0.475609756097601,5.7317073170732,-2.9756097560976,1.91463414634147,-0.670731707317099,0.65853658536585,0.93902439024391,9.13414634146301,0.023379191381665,-0.0598250291645129,"W"
1995,"SEA","SAC",-1.9512195121951,1.2682926829268,2.0731707317073,-2,2.91463414634145,-0.0121951219512013,-0.52439024390244,1.45121951219513,4.98780487804909,0.022738232837906,0.0295283215483989,"W"
1995,"LAL","HOU",0.9268292682927,-1.8536585365854,1.1951219512195,-0.621951219512198,0.939024390243899,-1,0.48780487804878,-1.95121951219512,0.414634146341001,0.015876650150373,-0.018739597802555,"L"
1995,"UTA","POR",-2.0365853658536,-2.4878048780488,4.6219512195122,2.280487804878,0.890243902439031,-1.9756097560976,0.01219512195122,-1.25609756097561,3.15853658536611,0.029477061901215,0.10624764408822,"W"
1995,"SAS","PHO",-0.8780487804878,1.0365853658537,0.524390243902499,0.5365853658536,0.26829268292683,-0.1463414634147,2.5,2.32926829268293,-0.914634146341001,0.00342493473974698,-0.035924870714765,"W"
1995,"CHI","NYK",5.0975609756097,-0.4634146341464,2.5731707317073,-0.695121951219502,1.21951219512195,-1.1829268292683,-0.39024390243903,0.71951219512195,7.9756097560973,0.00725819843352998,-0.011412691505423,"W"
1995,"ORL","ATL",-2.6341463414635,3.0853658536585,5.7439024390244,-0.0609756097561025,-1.3170731707317,-0.829268292682999,1.0609756097561,0.6829268292683,6.243902439024,0.034517552580916,-0.065650006769419,"W"
1995,"SEA","HOU",0.4268292682927,-0.0731707317073003,0.207317073170699,2.609756097561,2.89024390243901,2.390243902439,-1.01219512195122,-0.682926829268291,2.04878048780499,0.016543579196512,-0.00464373360413006,"W"
1995,"SAS","UTA",-0.6829268292683,2.5975609756098,-1.1585365853658,-2.7560975609756,-0.26829268292683,-0.243902439024399,1.4390243902439,1.71951219512195,0.890243902438996,-0.010785828709591,-0.032946948041643,"L"
1995,"CHI","ORL",3.4268292682927,0.121951219512201,-0.5731707317073,1.1951219512196,1,0.182926829268299,-0.74390243902439,-0.95121951219513,0.658536585365994,-0.00457916984245704,0.054699740304337,"W"
1995,"SEA","UTA",-0.475609756097601,0.9268292682927,-1.7073170731707,-0.9634146341463,2.62195121951218,2.7560975609756,-0.304878048780489,2.48780487804878,2.04878048780499,-0.00737357029665903,-0.008148675423581,"W"
1995,"CHI","SEA",3.5731707317073,-0.4634146341464,0.414634146341502,-1.9512195121951,-1.67073170731706,-3.2439024390244,-0.585365853658541,-0.45121951219513,0.646341463414004,-0.00243711466659002,-0.0143055473211989,"W"
1996,"UTA","LAC",-2.4756097560976,2.0487804878049,6.5487804878049,0.207317073170803,0.182926829268292,-0.634146341463401,-0.280487804878041,-1.70731707317073,5.9146341463417,0.057233206863902,0.0376028980694439,"W"
1996,"LAL","POR",0.4146341463415,-0.975609756097597,1.6463414634146,-1.3414634146341,1.21951219512195,-1.6463414634147,1.70731707317073,0.60975609756097,1.0487804878049,-0.00965591249106701,-0.0211264718220699,"W"
1996,"HOU","MIN",-0.365853658536601,3.2073170731707,1.6951219512195,-2.5365853658537,0.817073170731709,1.4878048780487,-2.5609756097561,3.65853658536585,4.4634146341468,0.012044372551222,0.00360064109649605,"W"
1996,"SEA","PHO",1.1463414634146,-1.2804878048781,-1.6585365853658,0.9268292682927,2.92682926829264,0.6219512195122,0.804878048780489,0.39024390243903,-1.914634146342,-0.00188014784048601,-0.009777777777777,"W"
1996,"CHI","WA1",2.7439024390244,0.5,2.6951219512195,-2.4146341463414,0.0487804878048799,-2.1951219512196,-0.85365853658536,2.34146341463414,3.7926829268296,-0.007033644422278,0.039866378358041,"W"
1996,"ATL","DET",1.9878048780488,0.707317073170803,0.0365853658536999,-0.743902439024399,0.84146341463415,2.2804878048781,1.75609756097561,0.939024390243901,0.621951219512198,-0.01796899235494,0.017296438026012,"W"
1996,"NYK","CHA",0.7682926829268,2.6585365853659,-2.5853658536585,4.0365853658537,0.390243902439019,3.1585365853658,0.353658536585369,-1.47560975609756,-3.5243902439024,-0.008321559953686,-0.0287193727260271,"W"
1996,"MIA","ORL",-1.390243902439,2.2073170731708,0.560975609756103,3.3658536585365,-0.536585365853659,0.6829268292683,0.92682926829269,1.35365853658537,0.695121951219491,0.015635345361421,-0.027239104032854,"W"
1996,"UTA","LAL",-2.4756097560976,-0.0487804878049012,4.3170731707317,1.9878048780488,0.0975609756097509,0.4512195121952,-1.91463414634146,-2.64634146341463,3.09756097560999,0.049237898416194,0.0767650569877499,"W"
1996,"SEA","HOU",1.0121951219512,-3.5853658536585,-1,2.3536585365854,2.67073170731703,-1.6341463414634,0.5,-1.36585365853658,0.317073170731007,-0.00150920089645701,-0.002884085361052,"L"
1996,"CHI","ATL",2.609756097561,1.3536585365853,7.1341463414634,0.317073170731799,0.18292682926829,-1.4512195121952,-1.15853658536585,-1.65853658536586,8.3414634146345,0.027495890662196,-0.015365474252943,"W"
1996,"MIA","NYK",-0.1951219512195,-1.390243902439,-0.902439024390198,-1.3902439024391,0.25609756097561,-1.9024390243902,0.74390243902439,2.53658536585366,-0.524390243902502,-0.01021693432473,-0.028904327060195,"W"
1996,"UTA","HOU",-0.4634146341464,-1.890243902439,2.2682926829268,4.5243902439025,0.768292682926822,-1.2926829268292,0.86585365853659,-4.10975609756097,2.512195121951,0.035235395138025,0.014521662810181,"W"
1996,"CHI","MIA",3.390243902439,0.719512195121901,4.9634146341463,-3.6829268292682,0.804878048780489,-2.4024390243903,-1.30487804878049,-1.89024390243903,8.3170731707321,0.02074344887357,0.028204362403175,"W"
1996,"UTA","CHI",-4.219512195122,-0.621951219512201,0.695121951219498,4.4390243902439,0.390243902439021,1.829268292683,1.04878048780488,-2.30487804878048,-0.0487804878050042,0.030269405009366,0.021745362804966,"L"
1997,"CHI","NJN",-1.2317073170731,3.6707317073171,3.2560975609756,-2.7560975609756,-0.987804878048781,-0.0243902439023991,0.475609756097561,0.01219512195122,-2.91463414634141,0.00955777882820597,-0.00170606155752995,"W"
1997,"CHA","ATL",-1.4634146341464,-0.939024390243897,4.5365853658537,1.0487804878049,0.46341463414634,0.402439024390199,-2.18292682926829,0.10975609756097,0.768292682926798,0.01334111288637,-0.00514786877441997,"W"
1997,"IND","CLE",-0.987804878048701,0.207317073170699,-0.0609756097560989,-0.975609756097501,-2.06097560975609,-3.0487804878049,-0.6219512195122,1.25609756097561,3.5243902439024,0.01554531914264,0.00774687504816496,"W"
1997,"MIA","NYK",0.609756097561,-0.1829268292683,-0.353658536585399,0.4268292682927,0.378048780487811,-0.256097560975599,1.84146341463415,2.02439024390244,3.39024390243901,0.00385759219378401,-0.032881971614151,"L"
1997,"UTA","HOU",-0.3048780487805,0.670731707317,3.3048780487805,3.7560975609756,-0.463414634146339,-0.463414634146298,1.4390243902439,-3.95121951219512,2.19512195121921,0.037286184655441,0.00231638740616003,"W"
1997,"PHO","SAS",0.0853658536584998,-2.2682926829269,3.4756097560975,0.414634146341399,2.92682926829268,-1,-1.69512195121951,1.57317073170732,7.0609756097561,-0.000741278345032959,0.060895671943734,"L"
1997,"LAL","POR",-0.0853658536584998,-0.621951219512201,2.9634146341463,0,1.81707317073171,-1.5487804878049,1.1219512195122,2.10975609756098,11.1951219512193,0.030341496520802,-0.057564153334519,"W"
1997,"SEA","MIN",-1.6097560975609,-2.4878048780488,-1,-0.8536585365853,2.01219512195122,0.0853658536584998,-0.62195121951219,3.87804878048781,-0.536585365853995,0.011312180543833,-0.02137058917492,"W"
1997,"CHI","CHA",3.1463414634147,1.1829268292683,0.134146341463399,-0.804878048780498,0.0609756097560989,-0.841463414634099,0.5,-0.42682926829268,0.0975609756097953,-0.017321649716596,-0.00802814598715695,"W"
1997,"IND","NYK",-1.2682926829268,-1.0487804878049,1.2439024390244,-1.0731707317073,0.134146341463421,-0.9634146341463,1.09756097560976,0.23170731707317,4.45121951219511,0.022794896845375,-0.00849827616142096,"W"
1997,"UTA","SAS",-0.2682926829268,-2.8414634146342,2.8170731707317,2.8048780487805,1.60975609756097,-0.707317073170699,-1.90243902439024,-0.64634146341463,8.4390243902436,0.021210814663369,0.084993470376201,"W"
1997,"SEA","LAL",-1.8048780487805,-3,-0.280487804878,-0.5731707317073,0.853658536585369,-1.3536585365854,-2.19512195121951,1.51219512195122,-4.951219512195,-0.00874201553925502,0.042011503223776,"L"
1997,"CHI","IND",4.5,1.0975609756098,0.768292682926798,-2.0487804878049,0.621951219512189,0.121951219512201,-0.18292682926829,-1.09756097560975,0.695121951219591,-0.018865773040579,-0.020918740200931,"W"
1997,"UTA","LAL",-1.4268292682927,-0.804878048780498,0.743902439024399,1.2439024390244,-1.04878048780488,0.0487804878049012,-1.75609756097561,-3.02439024390244,-4.54878048780499,0.00827815232541196,0.093887728521452,"W"
1997,"CHI","UTA",3.4268292682927,0.402439024390301,-1.4390243902439,-3.2926829268293,0.585365853658539,-1,-0.71951219512195,0.75609756097561,-4.24390243902401,-0.039090319590755,-0.030413065562006,"W"
1998,"MIA","NYK",-0.959999999999999,0.0399999999999991,1.12,-2.1,-1.36,-1.2,0.84,1.62,2.58,0.018630705896965,0.00299261734312894,"L"
1998,"ATL","DET",1.42,1.74,-4.54,-3.04,-1.96,-0.9,1.04,-1.02,-4.06,-0.037408389254059,-0.00908778980347791,"W"
1998,"ORL","PHI",-0.82,0.34,2.66,-4.34,-0.92,-0.0600000000000023,-1.16,2.5,-0.200000000000003,0.00137244166143202,-0.022392167148981,"L"
1998,"IND","MIL",0.0800000000000001,1.66,-0.5,-1.2,-2.52,-1.4,0.42,1.26,2.97999999999999,-0.011391299469906,0.062269272529859,"W"
1998,"SAS","MIN",-2.8,3.84,-2.34,-3.5,-0.0999999999999996,2.36,1.58,1,-0.140000000000001,0.031678634679001,-0.044548936683268,"W"
1998,"LAL","HOU",1.66,-1.14,0.739999999999998,5.42,0.0600000000000005,-1.16,0.54,-1.9,4.78,0.00576729677159105,-0.045427818891843,"W"
1998,"UTA","SAC",-3.02,-1.3,1.5,2.34,-0.920000000000001,-0.559999999999999,0.88,-3,-6.86000000000001,0.019871800627785,0.083979451247932,"W"
1998,"POR","PHO",0.959999999999999,3.04,-3.52,2.08,-0.66,1.8,1.8,-0.3,-0.739999999999995,-0.00719351427137099,-0.017721403142703,"W"
1998,"ATL","NYK",2.5,-0.219999999999999,-3.62,-3.06,-0.98,-1.18,-0.04,-0.22,-0.100000000000009,-0.025356716143559,-0.000983835990382986,"L"
1998,"IND","PHI",-3.1,0.48,1.42,-1.4,-4.52,-3.46,-0.96,3.92,5,0.021275236519195,0.073529927532102,"W"
1998,"SAS","LAL",-0.100000000000001,2.04,0.120000000000001,-4.42,0.64,0.0999999999999996,1.28,-1.38,-6.2,-0.011399299476941,0.014933149014104,"W"
1998,"POR","UTA",1.82,1.24,-2.62,-0.140000000000001,0.260000000000001,-0.860000000000001,0.28,2.12,1.52000000000001,-0.023585685635918,-0.0241149932007521,"W"
1998,"IND","NYK",0.460000000000001,-1.16,0.84,-1.16,-1.58,-3.1,-0.78,1.72,8.25999999999999,0.013084385220212,0.0632544942047359,"L"
1998,"SAS","POR",-0.640000000000001,0.280000000000001,0.559999999999999,-2.32,0.199999999999999,-0.24,1.22,-1.48,-2.04000000000001,0.014845620821694,-0.044539208470088,"W"
1998,"SAS","NYK",1.26,1.48,2.76,-2.6,0.52,-0.899999999999999,1.78,-0.72,6.39999999999999,0.021788078569665,-0.034114896110753,"W"
1999,"IND","MIL",-2.1219512195122,2.9146341463415,0.0609756097560989,-2.8536585365854,-1.36585365853658,-0.865853658536601,0.47560975609756,2.30487804878049,0.0975609756089995,-0.00603316297267598,0.025180308031245,"W"
1999,"CHA","PHI",-3.2073170731708,2.0365853658536,2.5121951219512,-3.280487804878,-0.719512195121951,-0.9512195121952,1.14634146341464,1.59756097560975,3.6707317073171,0.007551593932972,0.049487636680783,"L"
1999,"NYK","TOR",-3.60975609756095,0.878048780487799,-4.3780487804878,-0.0731707317073003,-1.85365853658536,0.768292682926798,-2.24390243902439,-0.902439024390239,-5.0365853658537,0.021631664469281,0.0156895470887339,"W"
1999,"MIA","DET",0.0487804878048994,1.9634146341463,2.7317073170732,-0.780487804878,-1.01219512195122,-0.707317073170801,2.82926829268292,0.08536585365853,-9.07317073170719,0.00151896495466902,-0.04434720655102,"W"
1999,"LAL","SAC",0.743902439024399,1.2560975609756,-0.390243902439,1.3658536585366,-2.1219512195122,-2.2073170731707,1.84146341463415,-2.31707317073171,-4.146341463414,0.00938805278955102,-0.057721989776093,"W"
1999,"SAS","PHO",-1.1585365853658,1.3170731707317,-3.4024390243902,-3.1341463414634,-1.58536585365854,-1.6219512195122,1.41463414634146,-1.5609756097561,-2.7439024390244,0.00488176429248299,-0.0123707459067001,"L"
1999,"POR","MIN",-0.609756097561,1.0853658536586,-3.4146341463414,-0.585365853658502,0.13414634146341,1.2682926829269,-0.51219512195122,1.9390243902439,-1.07317073170731,0.00296930317141303,-0.019556175422457,"W"
1999,"UTA","SEA",-1.2926829268292,-0.695121951219498,1.9878048780488,2.890243902439,-0.341463414634151,0.8170731707317,1.21951219512195,-2.64634146341463,-2.57317073170731,0.016811552080673,0.077149976269578,"W"
1999,"IND","PHI",-3.719512195122,1.7560975609756,0.487804878048699,-1.8658536585366,-2.82926829268292,-1.5243902439025,0.4390243902439,4.57317073170732,6.5243902439022,0.017179520917199,0.102809337671774,"W"
1999,"NYK","MIA",-1.45121951219515,-1.1951219512195,-4.1829268292683,0.439024390243901,-0.829268292682929,-0.3780487804878,-2,-1.15853658536585,-2.2439024390244,-0.00558370797028102,0.0449839056200689,"W"
1999,"LAL","PHO",1.1585365853659,2.1951219512195,-2.1585365853658,-1.609756097561,-1.59756097560976,-2.7317073170732,1.20731707317073,-1.39024390243903,1.9024390243905,0.00209302675273598,-0.06216329760474,"W"
1999,"POR","UTA",0.3658536585365,1.6341463414635,-1.4146341463414,-1.8048780487805,0.0487804878048799,0.280487804878099,-0.52439024390244,0.95121951219512,0.939024390243901,0.005565604021119,-0.0125778536797829,"W"
1999,"IND","NYK",0.487804878048751,1.109756097561,3.280487804878,-2.4024390243903,0.54878048780488,-0.5,0.75609756097561,2.82926829268293,9.1585365853656,0.004240218879284,0.030091545176634,"W"
1999,"LAL","POR",1.8414634146342,2.170731707317,-0.0487804878049012,-0.292682926829301,-0.24390243902439,-1.219512195122,1.58536585365854,-0.76829268292683,3.36585365853691,-0.010934836793956,-0.063612042611858,"W"
1999,"IND","LAL",-3.3536585365854,-1.5365853658536,-0.780487804878099,-0.670731707317099,-0.65853658536585,0.1951219512195,-1.34146341463415,2.91463414634147,0.475609756097001,-8.54794250099156e-06,0.114886736836438,"L"
2000,"PHI","IND",1.8780487804878,0.0609756097560989,-0.865853658536601,-3.0731707317074,1.54878048780487,0.707317073170699,-0.96341463414634,-1.63414634146342,2.09756097560981,0.00761126573566201,-0.020773886854784,"W"
2000,"NYK","TOR",-4.20731707317072,-0.0609756097560989,-5.9024390243902,1.439024390244,-0.65853658536586,1.0853658536585,-2.10975609756098,-0.463414634146339,-8.92682926829261,0.00732094468317102,0.048623498701832,"L"
2000,"MIA","CHA",-2.68292682926834,-2.109756097561,-3.2926829268293,-0.341463414634099,-0.390243902439031,-0.5853658536585,-1.84146341463415,1.6829268292683,-3.0487804878049,-0.000213994660899997,0.014231137625684,"L"
2000,"MIL","ORL",-1.1463414634147,0.609756097561,0.5,-1.7439024390244,-0.0243902439024399,-1.6341463414634,-1.15853658536586,0.87804878048781,3.2682926829267,0.019399625714755,0.072819752739824,"W"
2000,"SAS","MIN",-1.219512195122,2.9512195121951,-3.7195121951219,-4.2439024390244,-1.39024390243903,-0.0731707317073997,1.46341463414634,1.5,-1.170731707317,0.00239825955356199,-0.070304680926443,"W"
2000,"UTA","DAL",1.3658536585366,-2.2926829268293,4.5243902439024,2.4512195121951,0.524390243902441,1.9024390243903,-0.35365853658537,-2.34146341463415,-3.4146341463419,0.011312258440032,-0.0425137818958861,"L"
2000,"SAC","PHO",0.207317073170801,-9.890243902439,-0.6463414634147,-3.2682926829269,0.219512195121951,-0.365853658536599,0.0365853658536608,1.79268292682927,7.7195121951216,0.013722539996309,0.0158892030361689,"W"
2000,"LAL","POR",1.5243902439025,1.2439024390244,-0.914634146341502,1.5487804878049,-1.31707317073171,-0.902439024390199,0.86585365853658,0.85365853658537,5.2073170731705,-0.003133434178205,-0.078739526544866,"W"
2000,"PHI","TOR",-0.524390243902399,0.865853658536601,-3.8048780487805,-0.878048780487799,1.10975609756097,2.2926829268292,-1.35365853658537,-2.03658536585366,-2.9756097560975,0.01017897041269,-0.00169693073795496,"W"
2000,"CHA","MIL",0.707317073170801,1.3170731707317,0.6829268292683,-2.1341463414634,-0.08536585365853,0.5121951219512,0.84146341463415,-2.70731707317074,-8.7926829268291,-0.027078731726112,-0.041445652033368,"L"
2000,"SAS","DAL",0.865853658536601,1.7195121951219,0.4634146341463,-4.3414634146341,-0.60975609756098,0.0609756097560989,1.02439024390244,-0.87804878048781,-4.30487804878089,0.00120492894262403,-0.079310902903533,"W"
2000,"SAC","LAL",-1.1951219512195,-10.5487804878049,-0.439024390243897,-3.3658536585366,2.79268292682927,0.5,-0.70731707317073,0.48780487804878,1.121951219512,-0.015652199670879,0.087843874426123,"L"
2000,"PHI","MIL",1.219512195122,1.2195121951219,-1.8536585365854,-3.109756097561,0.219512195121949,1.8170731707317,0.26829268292683,-3.65853658536586,-6.0609756097559,-0.010425449536682,-0.041273952461369,"W"
2000,"SAS","LAL",-2.2317073170732,1.5731707317073,-1.3414634146341,-3.9146341463414,0.0487804878048799,-0.463414634146401,1.04878048780488,0.07317073170731,-4.4512195121949,-0.00451532160719598,0.03171680203399,"L"
2000,"PHI","LAL",-0.1219512195122,0.207317073170699,-2.390243902439,-2.4268292682927,1.53658536585366,1.1463414634146,-1,-2.15853658536586,-5.9512195121949,-0.017714803636385,0.062038412790383,"L"
2001,"NJN","IND",1.329268292683,-0.646341463414601,1.2926829268292,-1.7317073170732,0.70731707317073,-0.2682926829268,0.65853658536585,-0.0243902439024399,-0.597560975609795,0.000254184682562997,-0.0365075792324531,"W"
2001,"CHA","ORL",1.4268292682927,0.792682926829301,-0.548780487804901,0.573170731707297,-0.14634146341464,0.280487804878,0.87804878048781,-3.34146341463415,-6.5853658536588,-0.00817998700941897,-0.00941048773506703,"W"
2001,"BOS","PHI",-2.4512195121951,0.439024390243897,1.0243902439024,1.5731707317073,1.07317073170731,-1.1463414634146,-0.85365853658536,5.91463414634146,5.36585365853659,-0.011963144838141,-0.0147066811515479,"W"
2001,"DET","TOR",-3.70731707317069,0.365853658536601,-0.170731707317103,-0.9268292682927,-0.487804878048779,0.3170731707317,1.35365853658536,2.20731707317073,2.9756097560976,0.017751340528509,0.0173173437519559,"W"
2001,"SAC","UTA",-1.170731707317,4.3048780487805,-0.5,-5.0121951219513,-0.0975609756097597,-2.3780487804878,-1.80487804878048,1.78048780487805,8.6219512195122,0.016404529844017,-0.011390808945745,"W"
2001,"DAL","MIN",-1.719512195122,0.0731707317073003,-2.219512195122,1.2439024390244,0.695121951219519,-1.3536585365854,-0.5,2.74390243902439,5.90243902439011,0.00074695805783398,0.008813784569215,"W"
2001,"LAL","POR",-0.7682926829269,1.9878048780488,-0.5365853658537,2.5609756097561,-0.939024390243901,-1.4878048780488,1.34146341463415,0.53658536585366,4.6219512195124,0.010286353788155,-0.06449857270729,"W"
2001,"SAS","SEA",-0.743902439024399,2.8414634146342,-3.4512195121951,-1.9146341463415,-0.890243902439021,0.5853658536585,2.10975609756098,-0.62195121951219,-1,-0.010839495650123,-0.0137198138034761,"W"
2001,"NJN","CHA",-0.243902439024399,0.121951219512198,2.8170731707317,-0.158536585365898,0.76829268292683,0.743902439024401,0.41463414634146,0.695121951219511,2.30487804878049,0.00663716340596698,-0.00970695537256805,"W"
2001,"BOS","DET",0.987804878048792,2.4878048780487,-0.524390243902399,0.975609756097501,1.76829268292683,-0.646341463414601,-3.3170731707317,1.59756097560976,1.98780487804881,-0.027963150361745,0.00788858020178407,"W"
2001,"SAC","DAL",1.1585365853659,1.6341463414634,1.7926829268293,-3.4268292682927,1.95121951219512,1.6707317073171,-0.13414634146341,-2.37804878048781,-0.621951219511999,0.00475388923197001,-0.055258626389847,"W"
2001,"LAL","SAS",1.4024390243902,0.5,2.9146341463414,3.0243902439025,0,-1.6829268292683,-0.71951219512195,0.878048780487799,4.5365853658538,0.00279073089353105,-0.0428790511196959,"W"
2001,"NJN","BOS",1.8048780487805,-0.670731707317,3.2682926829268,-0.5,-0.939024390243901,1.0609756097561,2.40243902439024,-3.60975609756098,-0.1463414634147,0.022591629856392,-0.0290995580193271,"W"
2001,"SAC","LAL",-0.109756097560901,1.1585365853658,0.9268292682927,-3.2073170731708,1.41463414634146,1.219512195122,-1.25609756097561,-1.02439024390244,3.34146341463401,0.00592069694944297,0.052376721187028,"L"
2001,"NJN","LAL",0.207317073170801,-1.1219512195122,1.3170731707317,-1.0853658536586,1.10975609756097,2.1219512195122,0.14634146341463,-1.30487804878049,-5.0609756097563,-0.014290837141581,0.0364022460699419,"L"
2002,"DET","ORL",-0.9146341463415,0.646341463414601,-0.6829268292683,-1.7073170731707,-1.70731707317073,-1.1585365853658,2.04878048780488,-0.42682926829268,-7.1463414634146,-0.00561157641366899,-0.005896480414046,"W"
2002,"PHI","NOH",-0.670731707317101,-0.731707317073202,-0.439024390243901,0.451219512195099,2.2926829268293,0.0731707317073003,-1.34146341463415,-1.9390243902439,2.9756097560976,0.012791981968202,0.00710346989238597,"W"
2002,"IND","BOS",1.890243902439,1.8414634146342,4.0853658536586,0.646341463414601,-0.29268292682927,0.548780487804802,1.70731707317073,-4.14634146341463,4.15853658536579,0.025716371669401,0.023515283852438,"L"
2002,"NJN","MIL",1.4024390243902,1.9634146341463,0.780487804878,-0.5731707317073,1.15853658536585,2.2926829268293,0.36585365853659,-2.91463414634146,-4.12195121951221,-0.015215740649038,-0.018858091685948,"W"
2002,"SAS","PHO",-1.3414634146342,1.4146341463415,-1.0121951219512,-1.5731707317073,-0.439024390243911,1.1585365853659,1.52439024390244,0.67073170731707,0.268292682926798,0.018330232214549,-0.016541718833333,"W"
2002,"MIN","LAL",-1.4512195121951,0.731707317073198,1.9634146341464,-2.0731707317074,-1.04878048780488,-0.743902439024399,-0.451219512195119,-2.3170731707317,-2.24390243902481,0.015008042413492,0.0363112641007689,"L"
2002,"DAL","POR",-0.975609756097601,2.0243902439024,-0.280487804878099,1.1707317073171,-0.73170731707317,-3.4024390243902,1.62195121951219,3.13414634146341,7.8170731707321,-0.00744002194873,0.0840430928816081,"W"
2002,"SAC","UTA",-1.4756097560975,4.5121951219512,-0.841463414634102,-2.0853658536585,0.329268292682919,-1.6219512195122,-0.12195121951219,3.25609756097561,7.07317073170711,-0.00379837687937301,0.00118116786665701,"W"
2002,"DET","PHI",-1.9390243902439,0.365853658536601,-1.8414634146342,-0.6829268292683,-3.51219512195125,-1.390243902439,2.24390243902439,3.51219512195122,-5.5,-0.017900381196604,-0.0037660002347859,"W"
2002,"BOS","NJN",-1.7317073170731,-0.695121951219502,-3.8048780487805,-0.170731707317099,0.036585365853659,-0.9634146341463,-0.86585365853659,4.54878048780488,-2.69512195121949,-0.026495735768231,-0.014948718593137,"L"
2002,"SAS","LAL",-1.6951219512195,0.0243902439024986,-3.3292682926829,-2.4634146341464,-0.121951219512201,1.3170731707317,0.719512195121951,-0.45121951219512,-4.56097560975651,0.010961235453381,-0.00851825701676701,"W"
2002,"DAL","SAC",0.146341463414601,-2.5243902439025,-2.4024390243903,0.780487804878099,-0.853658536585359,-3.2317073170731,-0.0975609756097597,1.76829268292683,1.24390243902499,-0.011069830494027,0.0825995440785,"W"
2002,"DET","NJN",-1.3170731707317,-1.0121951219512,-3.2560975609756,-0.292682926829301,-1.96341463414634,-1.7195121951219,1.14634146341463,2.28048780487805,-4,-0.011164211003302,0.014224898249474,"L"
2002,"SAS","DAL",0.329268292682901,0.1463414634147,-2.4512195121951,-0.707317073170799,-0.439024390243911,4.3170731707317,0.97560975609756,-2.28048780487805,-7.1707317073175,0.00907160393883799,-0.103619057399865,"W"
2002,"NJN","SAS",0.634146341463399,-0.341463414634198,3.0609756097561,1.219512195122,1.07317073170732,-0.926829268292702,-1.89024390243902,-1.25609756097561,-0.439024390243901,-0.020501211301039,0.032015872653312,"L"
2003,"IND","BOS",1.390243902439,0.146341463414601,1.109756097561,-1.5609756097561,-0.53658536585365,-2.2073170731708,0.97560975609756,-1.26829268292683,-3.8780487804878,-0.00771658583530904,0.013296423839804,"W"
2003,"MIA","NOH",-1.8414634146342,0.5,-1.8414634146342,1.1707317073171,-1.43902439024391,-0.9634146341463,-0.40243902439024,-0.5609756097561,-1.5487804878049,0.005594549961147,0.011234567734822,"W"
2003,"DET","MIL",0.658536585365901,-0.121951219512201,-2.0731707317073,-0.0365853658536004,1.28048780487805,1.3780487804878,2.28048780487805,-0.82926829268292,-7.9390243902439,-0.01162050018157,-0.021983156072049,"W"
2003,"NJN","NYK",-1.0731707317073,-0.8536585365853,3.8292682926829,-2.1341463414634,1.23170731707317,-1.170731707317,-0.84146341463415,-0.35365853658536,-1.71951219512199,-0.000883427986847984,-0.0400697817950141,"W"
2003,"MIN","DEN",-2.5365853658536,3.1463414634146,1.1707317073171,-0.890243902439,-2.24390243902439,-2.4024390243902,-0.70731707317074,-0.0609756097560998,-2.67073170731709,0.019018501778805,0.01427904431861,"W"
2003,"SAC","DAL",-3.4878048780488,-0.560975609756099,2.3048780487805,-0.280487804878103,0.65853658536585,1.7317073170732,-1.36585365853659,1.14634146341464,-2.353658536586,0.00290079271599003,-7.81090021679809e-05,"W"
2003,"SAS","MEM",-0.2317073170731,3.5121951219512,-2.9146341463415,-2.8780487804878,-1.63414634146341,-0.3048780487805,-0.34146341463414,-0.47560975609756,-5.2317073170731,-0.00337950394873898,-0.045546246651061,"W"
2003,"LAL","HOU",1.8780487804878,-1.3658536585365,4.5,-0.365853658536597,1.48780487804878,-2.4268292682927,-0.780487804878041,-1.82926829268293,8.4146341463415,0.011595678882495,-0.079377382294519,"W"
2003,"IND","MIA",0.3048780487805,-0.0853658536585975,2.5487804878049,-1.2560975609757,1.65853658536586,0.390243902439,1.19512195121951,-0.4390243902439,1.109756097561,0.010186851922761,0.00177452350517593,"W"
2003,"DET","NJN",1.8536585365854,0.231707317073099,-3.7439024390244,-0.707317073170699,-0.60975609756097,0.2682926829268,3.02439024390244,-0.53658536585366,-0.158536585365809,-0.006466607917955,-0.000580878196388968,"W"
2003,"MIN","SAC",-0.158536585365798,1.8658536585366,-3.1951219512195,1.7682926829269,-1.8170731707317,-1.2560975609756,1.67073170731707,-3.35365853658537,-8.2926829268291,-0.000801624001788015,-0.014661385267096,"W"
2003,"SAS","LAL",0.329268292683,1.6341463414634,-3.3170731707317,-0.792682926829301,-0.25609756097561,0.719512195121899,1.92682926829268,0.52439024390244,-6.71951219512191,-0.0118491246231029,-0.0124470643743241,"L"
2003,"IND","DET",-0.597560975609801,-0.487804878048799,0.878048780487799,0.548780487804798,0.817073170731708,-0.865853658536601,-1.9390243902439,1.41463414634146,1.28048780487801,0.00046741975827197,0.011002538642233,"L"
2003,"MIN","LAL",-1.5365853658536,1.3414634146341,-0.707317073170699,-0.0121951219512013,-1.47560975609756,-1.1219512195122,1.01219512195121,-0.47560975609756,-3.6463414634146,0.00800857189829202,0.087385255306942,"L"
2003,"DET","LAL",0.158536585365901,-0.524390243902499,-3,-0.829268292682901,-0.280487804878049,1.0121951219512,2.32926829268292,-0.39024390243902,-8.09756097560971,-0.018568967815605,0.0591994994719199,"W"
2004,"MIA","NJN",0.390243902439,3.0731707317073,0.219512195121901,-2.0731707317073,-1.48780487804878,-0.439024390243901,2.02439024390244,0.48780487804878,10.1341463414635,0.057454936115379,-0.090284862854786,"W"
2004,"CHI","WAS",-1.609756097561,2.6463414634147,2.1951219512195,2.7073170731708,-1.70731707317073,2.4146341463415,0.26829268292683,-0.0365853658536608,-6.0487804878049,-0.00437113808300299,0.025040387722132,"L"
2004,"BOS","IND",0.5,0.243902439024403,3.9146341463414,1.3536585365853,0.634146341463421,1.5121951219512,0.80487804878048,-1.28048780487805,8.268292682927,0.035338677324474,-0.028286257219675,"L"
2004,"DET","PHI",1.7682926829269,-0.353658536585399,0.939024390243901,-2.9268292682926,-2.19512195121951,-1.719512195122,2.14634146341464,-1.73170731707317,-5.7926829268293,0.00666029221959796,-0.0503652667952761,"W"
2004,"PHO","MEM",0.975609756097601,4.2073170731707,2.5731707317073,-4.2317073170732,-1.54878048780488,-0.8780487804878,-0.28048780487805,3.23170731707317,16.9878048780483,0.030667774175606,-0.00587564609303703,"W"
2004,"DAL","HOU",1.4146341463414,-0.865853658536601,-1.5,0.256097560975601,1.76829268292683,-0.402439024390201,1.01219512195122,-1.09756097560976,7.42682926829271,0.013660592180184,0.00814299926625506,"W"
2004,"SEA","SAC",0.219512195121901,-1.7560975609756,-6.3170731707317,3.1585365853658,-1.47560975609756,0.4878048780488,0.26829268292683,1.7560975609756,-4.78048780487809,-0.015492960728442,0.00284391329963196,"W"
2004,"SAS","DEN",0.243902439024399,0.195121951219498,-2.280487804878,-1.9756097560975,-1.67073170731707,-1.1951219512195,0.65853658536586,2.28048780487805,-3.3292682926829,-0.00608096468561597,-0.0390216495770419,"W"
2004,"MIA","WAS",-3,3.2317073170732,2.7682926829268,0.0975609756098024,-2.29268292682927,-0.560975609756101,1.54878048780488,-0.47560975609756,1.048780487805,0.049776267634906,-0.052615735554429,"W"
2004,"IND","DET",-2.2682926829269,-1.0853658536585,-3.6341463414634,3.0609756097561,0.47560975609756,0.4878048780488,-1.70731707317073,2.1829268292683,-0.329268292682897,-0.011526830489062,0.0537797550022131,"L"
2004,"PHO","DAL",-0.280487804878,1.4878048780487,3.8658536585366,-3.2195121951219,-1.65853658536586,0.280487804878101,-0.0975609756097597,4.0609756097561,7.914634146341,0.020454629573274,-0.0410328435609331,"W"
2004,"SEA","SAS",0.6585365853658,-2.1707317073171,-3.4634146341464,2.7682926829268,-0.73170731707317,-0.1585365853659,-2.5,1.9390243902439,2.7439024390244,-0.00965721116336299,0.0657134572306379,"L"
2004,"MIA","DET",-2.0365853658537,1.609756097561,0.0365853658536004,2.1463414634146,-0.58536585365854,-0.0731707317073003,-0.280487804878049,1.36585365853659,8.21951219512211,0.042326103535901,-0.066260774439352,"L"
2004,"PHO","SAS",-0.243902439024399,1.9878048780487,1.9024390243902,-1.8658536585366,-0.5,-0.0121951219511995,-1.09756097560976,3.52439024390244,14.2195121951215,0.024308168806237,0.0240203193033379,"L"
2004,"DET","SAS",0.8170731707317,0.219512195121901,0.195121951219502,-0.951219512195099,-0.45121951219512,0.0853658536584998,-0.5609756097561,-1.75609756097561,-2.86585365853661,-0.00916645841105201,0.0145480473892059,"L"
